_id,map_id,ogc_fid,stop_numbe,name,category,reference,language,the_geom
0,bus_line_1_no_61,104,61,ស្តុបសណ្ឋាគារស,ខ្សែរថយន្តក្រុងទី ១,Brochure_of_city_bus_stop__26.12.2018.pdf,Khmer,0104000020887F000001000000010100000038B39F7B39FA1D4137545FEC43833341
1,bus_line_1_no_37,52,38,សួនច្បារឃ្លាំងសូគីម៉ិច,ខ្សែរថយន្តក្រុងទី ១,Brochure_of_city_bus_stop__26.12.2018.pdf,Khmer,0104000020887F00000100000001010000000558135765F61D4153974A2079963341
2,bus_line_1_no_36,50,37,វិទ្យាល័យឬស្សីកែវ,ខ្សែរថយន្តក្រុងទី ១,Brochure_of_city_bus_stop__26.12.2018.pdf,Khmer,0104000020887F000001000000010100000065780F8BAFF51D41AE74473797963341
3,bus_line_1_no_39,56,40,គី្លនិករ៉ាក់,ខ្សែរថយន្តក្រុងទី ១,Brochure_of_city_bus_stop__26.12.2018.pdf,Khmer,0104000020887F0000010000000101000000C604461F9DF91D4192078C3CAE933341
4,bus_line_1_no_38,54,39,សួនច្បារឃ្លាំងសូគីម៉ិច,ខ្សែរថយន្តក្រុងទី ១,Brochure_of_city_bus_stop__26.12.2018.pdf,Khmer,0104000020887F0000010000000101000000BE21E81851F91D41FF85F5BBB0933341
5,bus_line_1_no_43,66,44,សាលាបឋមសិក្សាពញ្ញាក្រែក,ខ្សែរថយន្តក្រុងទី ១,Brochure_of_city_bus_stop__26.12.2018.pdf,Khmer,0104000020887F0000010000000101000000BB07ADE4F7F91D4196CD284208903341
6,bus_line_1_no_42,64,43,មូដែន ៥,ខ្សែរថយន្តក្រុងទី ១,Brochure_of_city_bus_stop__26.12.2018.pdf,Khmer,0104000020887F0000010000000101000000096F335EB5F91D41930642EE2B903341
7,bus_line_1_no_45,70,46,មណ្ឌលសុខភាពដូនពេញ,ខ្សែរថយន្តក្រុងទី ១,Brochure_of_city_bus_stop__26.12.2018.pdf,Khmer,0104000020887F0000010000000101000000956EF5A39FF91D41EAF0FEC0808D3341
8,bus_line_1_no_44,68,45,សាលាបឋមសិក្សាពញ្ញាក្រែក,ខ្សែរថយន្តក្រុងទី ១,Brochure_of_city_bus_stop__26.12.2018.pdf,Khmer,0104000020887F0000010000000101000000225A7BD63EF91D411048962C878D3341
9,bus_line_1_no_47,74,48,រង្វង់មូលស្តាតចាស់,ខ្សែរថយន្តក្រុងទី ១,Brochure_of_city_bus_stop__26.12.2018.pdf,Khmer,0104000020887F0000010000000101000000B1A92D6F8AFA1D41F73D46AFCF8B3341
10,bus_line_1_no_46,72,47,មណ្ឌលសុខភាពដូនពេញ,ខ្សែរថយន្តក្រុងទី ១,Brochure_of_city_bus_stop__26.12.2018.pdf,Khmer,0104000020887F000001000000010100000007B8BF1657FA1D4155CDF094C28B3341
11,bus_line_1_no_48,76,49,រង្វង់មូលស្តាតចាស់,ខ្សែរថយន្តក្រុងទី ១,Brochure_of_city_bus_stop__26.12.2018.pdf,Khmer,0104000020887F0000010000000101000000550FC51E66F51D41DDC8F93F7B8A3341
12,bus_line_1_no_51,82,51,មន្ទីរពេទ្យ កាល់ម៉ែត្រ,ខ្សែរថយន្តក្រុងទី ១,Brochure_of_city_bus_stop__26.12.2018.pdf,Khmer,0104000020887F000001000000010100000098B9F618B7F61D41F7C44A0A11893341
13,bus_line_1_no_50,80,50,មន្ទីរពេទ្យ កាល់ម៉ែត្រ,ខ្សែរថយន្តក្រុងទី ១,Brochure_of_city_bus_stop__26.12.2018.pdf,Khmer,0104000020887F00000100000001010000008D149BFF6DF61D4110533D1024893341
14,bus_line_1_no_53,86,53,ក្រសួងពត៌មាន,ខ្សែរថយន្តក្រុងទី ១,Brochure_of_city_bus_stop__26.12.2018.pdf,Khmer,0104000020887F0000010000000101000000B233300DD0F71D419A0B030257873341
15,bus_line_1_no_52,84,52,ក្រសួងពត៌មាន,ខ្សែរថយន្តក្រុងទី ១,Brochure_of_city_bus_stop__26.12.2018.pdf,Khmer,0104000020887F0000010000000101000000DB3C08BC8DF71D41B8F69F3F5A873341
16,bus_line_1_no_55,90,55,សាលាពេទ្យ,ខ្សែរថយន្តក្រុងទី ១,Brochure_of_city_bus_stop__26.12.2018.pdf,Khmer,0104000020887F0000010000000101000000DE3D1AD585F81D41BE66067C24863341
17,bus_line_1_no_54,88,54,សាលាពេទ្យ,ខ្សែរថយន្តក្រុងទី ១,Brochure_of_city_bus_stop__26.12.2018.pdf,Khmer,0104000020887F00000100000001010000008AE443E09EF81D41DCC5B7918C853341
18,bus_line_1_no_56,92,56,ស្តុប ប៉េកាសេ,ខ្សែរថយន្តក្រុងទី ១,Brochure_of_city_bus_stop__26.12.2018.pdf,Khmer,0104000020887F00000100000001010000005DD38F2337F91D41C9C651DB79843341
19,bus_line_1_no_59,98,59,ផ្សារធំថ្មី,ខ្សែរថយន្តក្រុងទី ១,Brochure_of_city_bus_stop__26.12.2018.pdf,Khmer,0104000020887F00000100000001010000006A787822C7F91D414C8D11C20D843341
20,bus_line_1_no_60,102,60,ស្តុបសណ្ឋាគារស,ខ្សែរថយន្តក្រុងទី ១,Brochure_of_city_bus_stop__26.12.2018.pdf,Khmer,0104000020887F00000100000001010000000C6C1E824FFA1D4120EF0392B8823341
21,bus_line_1_no_64,110,64,ស្តុបផ្លូវអាចារ្យស្វា,ខ្សែរថយន្តក្រុងទី ១,Brochure_of_city_bus_stop__26.12.2018.pdf,Khmer,0104000020887F0000010000000101000000B3526FDC27FC1D41C5493D907C7F3341
22,bus_line_1_no_67,116,67,វិទ្យាល័យព្រះយុគន្ធរ,ខ្សែរថយន្តក្រុងទី ១,Brochure_of_city_bus_stop__26.12.2018.pdf,Khmer,0104000020887F0000010000000101000000F0291BDE2CFD1D413252BF96617E3341
23,bus_line_1_no_69,120,69,ផ្លូវមុនីវង្សកែងផ្លូវ២៩៤,ខ្សែរថយន្តក្រុងទី ១,Brochure_of_city_bus_stop__26.12.2018.pdf,Khmer,0104000020887F0000010000000101000000ED939F1947FE1D411E3EEC43D37C3341
24,bus_line_1_no_68,118,68,ផ្លូវមុនីវង្សកែងផ្លូវ២៩៤,ខ្សែរថយន្តក្រុងទី ១,Brochure_of_city_bus_stop__26.12.2018.pdf,Khmer,0104000020887F000001000000010100000071B934BBD1FD1D4177AC0FD0A87C3341
25,bus_line_1_no_71,126,71,ស្តុបមេភ្លើង,ខ្សែរថយន្តក្រុងទី ១,Brochure_of_city_bus_stop__26.12.2018.pdf,Khmer,0104000020887F00000100000001010000002AD9CBC24FFF1D4189CE4A17D37A3341
26,bus_line_1_no_70,124,70,ក្រសួងផែនការ,ខ្សែរថយន្តក្រុងទី ១,Brochure_of_city_bus_stop__26.12.2018.pdf,Khmer,0104000020887F00000100000001010000000DFEB6F131FF1D417E20F223857A3341
27,bus_line_1_no_73,130,73,ស្តុបបូកគោ,ខ្សែរថយន្តក្រុងទី ១,Brochure_of_city_bus_stop__26.12.2018.pdf,Khmer,0104000020887F0000010000000101000000FD56208376001E410E7011641D793341
28,bus_line_1_no_72,128,72,ស្តុបបូកគោ,ខ្សែរថយន្តក្រុងទី ១,Brochure_of_city_bus_stop__26.12.2018.pdf,Khmer,0104000020887F0000010000000101000000D50AFAD135001E411884BB3F9B783341
29,bus_line_1_no_75,134,75,ក្រសួងរៀបចំដែនដី,ខ្សែរថយន្តក្រុងទី ១,Brochure_of_city_bus_stop__26.12.2018.pdf,Khmer,0104000020887F0000010000000101000000506068FAA4011E41C4F930C001773341
30,bus_line_1_no_74,132,74,ក្រសួងរៀបចំដែនដី,ខ្សែរថយន្តក្រុងទី ១,Brochure_of_city_bus_stop__26.12.2018.pdf,Khmer,0104000020887F00000100000001010000007E5C169348011E413AFF75E9B6763341
31,bus_line_1_no_77,138,77,ក្រសួងសង្គមកិច្ច,ខ្សែរថយន្តក្រុងទី ១,Brochure_of_city_bus_stop__26.12.2018.pdf,Khmer,0104000020887F0000010000000101000000F0C1422897021E419C6F419D81753341
32,bus_line_1_no_76,136,76,សាលាច្បាប់,ខ្សែរថយន្តក្រុងទី ១,Brochure_of_city_bus_stop__26.12.2018.pdf,Khmer,0104000020887F0000010000000101000000109A1052D8011E4164172087BE753341
33,bus_line_1_no_79,142,79,វិទ្យាល័យបឹងត្របែក,ខ្សែរថយន្តក្រុងទី ១,Brochure_of_city_bus_stop__26.12.2018.pdf,Khmer,0104000020887F0000010000000101000000A0BD972F04031E4116924D8EA4743341
34,bus_line_1_no_78,140,78,វិទ្យាល័យបឹងត្របែក,ខ្សែរថយន្តក្រុងទី ១,Brochure_of_city_bus_stop__26.12.2018.pdf,Khmer,0104000020887F00000100000001010000000E887508B3021E41F80B042975743341
35,bus_line_1_no_81,148,81,ស្ថានីយ៍ឧតុនិយម,ខ្សែរថយន្តក្រុងទី ១,Brochure_of_city_bus_stop__26.12.2018.pdf,Khmer,0104000020887F0000010000000101000000D1EC2BFEA8061E41F7211E2A38733341
36,bus_line_1_no_80,146,80,ស្ថានីយ៍ឧតុនិយម,ខ្សែរថយន្តក្រុងទី ១,Brochure_of_city_bus_stop__26.12.2018.pdf,Khmer,0104000020887F00000100000001010000008A64748F60061E41E1BA9DA11D733341
37,bus_line_1_no_83,152,83,ស្ពានអាកាសក្បាលថ្នល់,ខ្សែរថយន្តក្រុងទី ១,Brochure_of_city_bus_stop__26.12.2018.pdf,Khmer,0104000020887F00000100000001010000008520B8DF960D1E419BC388B60B733341
38,bus_line_1_no_82,150,82,ស្ពានអាកាសក្បាលថ្នល់,ខ្សែរថយន្តក្រុងទី ១,Brochure_of_city_bus_stop__26.12.2018.pdf,Khmer,0104000020887F000001000000010100000009FABBDFF50C1E41AAEF1C88D7723341
39,bus_line_1_no_85,156,85,ផ្សារច្បារអំពៅ,ខ្សែរថយន្តក្រុងទី ១,Brochure_of_city_bus_stop__26.12.2018.pdf,Khmer,0104000020887F0000010000000101000000D91EE3903D181E4100E30478BD733341
40,bus_line_1_no_84,154,84,ផ្សារច្បារអំពៅ,ខ្សែរថយន្តក្រុងទី ១,Brochure_of_city_bus_stop__26.12.2018.pdf,Khmer,0104000020887F0000010000000101000000DA70793E22191E4179D6425C9B733341
41,bus_line_5_no_61,1268,61,វិទ្យាស្ថានវ៉ាន់ដា,ខ្សែរថយន្តក្រុងទី ៥ B,Brochure_of_city_bus_stop__26.12.2018.pdf,Khmer,0104000020887F0000010000000101000000E78DCAC8B7E71D415B81B2BB367A3341
42,bus_line_5_no_64,1274,64,វត្តទួលទំពូង,ខ្សែរថយន្តក្រុងទី ៥ B,Brochure_of_city_bus_stop__26.12.2018.pdf,Khmer,0104000020887F0000010000000101000000800F1214EBF41D41E64A9843F0783341
43,bus_line_5_no_65,1276,65,វត្តទួលទំពូង,ខ្សែរថយន្តក្រុងទី ៥ B,Brochure_of_city_bus_stop__26.12.2018.pdf,Khmer,0104000020887F000001000000010100000013A928E87EF51D41281A7B5ED8783341
44,bus_line_5_no_66,1278,66,ស្តុុបបូកគោ,ខ្សែរថយន្តក្រុងទី ៥ B,Brochure_of_city_bus_stop__26.12.2018.pdf,Khmer,0104000020887F00000100000001010000009F9B9B7E38FE1D4141AF2128FA783341
45,bus_line_5_no_67,1280,67,ស្តុុបបូកគោ,ខ្សែរថយន្តក្រុងទី ៥ B,Brochure_of_city_bus_stop__26.12.2018.pdf,Khmer,0104000020887F000001000000010100000019BC0ECD39FF1D41BCD1A878E3783341
46,bus_line_3_no_24,744,24,ផ្សារធំថ្មី,ខ្សែរថយន្តក្រុងទី ៣,Brochure_of_city_bus_stop__26.12.2018.pdf,Khmer,0104000020887F00000100000001010000000CBEDB4BC6001E41531A4FB906843341
47,bus_line_3_no_25,746,25,ផ្សារធំថ្មី,ខ្សែរថយន្តក្រុងទី ៣,Brochure_of_city_bus_stop__26.12.2018.pdf,Khmer,0104000020887F000001000000010100000027C73D619DFF1D41816A2D7112843341
48,bus_line_3_no_26,748,26,ស្តុបកម្ពុជាក្រោម,ខ្សែរថយន្តក្រុងទី ៣,Brochure_of_city_bus_stop__26.12.2018.pdf,Khmer,0104000020887F00000100000001010000007EC484BFD3FA1D41B1790B77C8833341
49,bus_line_3_no_27,750,27,ស្តុបកម្ពុជាក្រោម,ខ្សែរថយន្តក្រុងទី ៣,Brochure_of_city_bus_stop__26.12.2018.pdf,Khmer,0104000020887F0000010000000101000000AAB9B06EC8FA1D41724A6108DD833341
50,bus_line_3_no_28,752,28,ផ្សារស៊ីតនី,ខ្សែរថយន្តក្រុងទី ៣,Brochure_of_city_bus_stop__26.12.2018.pdf,Khmer,0104000020887F00000100000001010000003690BA10CAF21D41E3350C6A7F833341
51,bus_line_3_no_29,754,29,ផ្សារស៊ីតនី,ខ្សែរថយន្តក្រុងទី ៣,Brochure_of_city_bus_stop__26.12.2018.pdf,Khmer,0104000020887F00000100000001010000005F8F3371BDF21D4196B47FA693833341
52,bus_line_3_no_30,758,30,ស្តបណាន ជីង,ខ្សែរថយន្តក្រុងទី ៣,Brochure_of_city_bus_stop__26.12.2018.pdf,Khmer,0104000020887F000001000000010100000093B9FF7137EB1D417FBC273440833341
53,bus_line_3_no_31,760,31,ស្តបណាន ជីង,ខ្សែរថយន្តក្រុងទី ៣,Brochure_of_city_bus_stop__26.12.2018.pdf,Khmer,0104000020887F000001000000010100000044B86F3939EC1D41486600D55A833341
54,bus_line_3_no_32,762,32,ស្តុប ដេ អ៊ិន,ខ្សែរថយន្តក្រុងទី ៣,Brochure_of_city_bus_stop__26.12.2018.pdf,Khmer,0104000020887F000001000000010100000076EFFB1258E31D415899FE820B833341
55,bus_line_3_no_33,764,33,ស្តុប ដេ អ៊ិន,ខ្សែរថយន្តក្រុងទី ៣,Brochure_of_city_bus_stop__26.12.2018.pdf,Khmer,0104000020887F00000100000001010000009C498DE4B5E41D415C1959A032833341
56,bus_line_3_no_34,766,34,សណ្ឋាគារ ប្រេស៊ីដង់,ខ្សែរថយន្តក្រុងទី ៣,Brochure_of_city_bus_stop__26.12.2018.pdf,Khmer,0104000020887F0000010000000101000000EDF124D46DDE1D4187E5D336EC823341
57,bus_line_3_no_35,768,35,សណ្ឋាគារ ប្រេស៊ីដង់,ខ្សែរថយន្តក្រុងទី ៣,Brochure_of_city_bus_stop__26.12.2018.pdf,Khmer,0104000020887F0000010000000101000000320A8508C2DE1D41FDE87CDD04833341
58,bus_line_3_no_37,772,37,វិទ្យាល័យសន្ធរម៉ុក,ខ្សែរថយន្តក្រុងទី ៣,Brochure_of_city_bus_stop__26.12.2018.pdf,Khmer,0104000020887F00000100000001010000009AC9F49653D81D41BFCAEBFFC1823341
59,bus_line_3_no_36,770,36,វិទ្យាល័យសន្ធរម៉ុក,ខ្សែរថយន្តក្រុងទី ៣,Brochure_of_city_bus_stop__26.12.2018.pdf,Khmer,0104000020887F0000010000000101000000CD7D84938AD81D41533E6718DB823341
60,bus_line_3_no_38,774,38,ស្តុបផ្លូវលេខ២៦១,ខ្សែរថយន្តក្រុងទី ៣,Brochure_of_city_bus_stop__26.12.2018.pdf,Khmer,0104000020887F00000100000001010000004400C78489CC1D41E96692FF71823341
61,bus_line_3_no_39,776,39,ស្តុបផ្លូវលេខ២៦១,ខ្សែរថយន្តក្រុងទី ៣,Brochure_of_city_bus_stop__26.12.2018.pdf,Khmer,0104000020887F0000010000000101000000575400ED6BCE1D41A7B63E3698823341
62,bus_line_3_no_40,780,40,ស្ពានអាកាស៧​មករា,ខ្សែរថយន្តក្រុងទី ៣,Brochure_of_city_bus_stop__26.12.2018.pdf,Khmer,0104000020887F000001000000010100000051DA3D1A6AC21D4101530E6B6A813341
63,bus_line_3_no_41,782,41,ស្ពានអាកាស៧​មករា,ខ្សែរថយន្តក្រុងទី ៣,Brochure_of_city_bus_stop__26.12.2018.pdf,Khmer,0104000020887F000001000000010100000043DBF1F797C21D4153010E3198813341
64,bus_line_3_no_44,788,44,ភ្នំពេញវ៉តធឺផាក,ខ្សែរថយន្តក្រុងទី ៣,Brochure_of_city_bus_stop__26.12.2018.pdf,Khmer,0104000020887F000001000000010100000071AFC67917B91D419A6C84FD0F813341
65,bus_line_3_no_45,790,45,ភ្នំពេញវ៉តធឺផាក,ខ្សែរថយន្តក្រុងទី ៣,Brochure_of_city_bus_stop__26.12.2018.pdf,Khmer,0104000020887F0000010000000101000000D4D24A8006B91D4130FC1A8F24813341
66,bus_line_3_no_46,792,46,វត្ត ទឹកថ្លា,ខ្សែរថយន្តក្រុងទី ៣,Brochure_of_city_bus_stop__26.12.2018.pdf,Khmer,0104000020887F000001000000010100000070FF31DE76AF1D410DDB31DCEE803341
67,bus_line_3_no_47,794,47,វត្ត ទឹកថ្លា,ខ្សែរថយន្តក្រុងទី ៣,Brochure_of_city_bus_stop__26.12.2018.pdf,Khmer,0104000020887F00000100000001010000009FA5F42142AF1D41BCA5CE6E03813341
68,bus_line_3_no_58,818,58,អាកាសយានដ្ឋានអន្តរជាតិភ្នំពេញ,ខ្សែរថយន្តក្រុងទី ៣,Brochure_of_city_bus_stop__26.12.2018.pdf,Khmer,0104000020887F0000010000000101000000185675536A7B1D41052AD01B0B7D3341
69,bus_line_3_no_59,820,59,អាកាសយានដ្ឋានអន្តរជាតិភ្នំពេញ,ខ្សែរថយន្តក្រុងទី ៣,Brochure_of_city_bus_stop__26.12.2018.pdf,Khmer,0104000020887F000001000000010100000022665A12177B1D410D64C474217D3341
70,bus_line_3_no_67,838,67,រង្វង់មូល ចោមចៅ (ចុងតារាងយន្តហោះ),ខ្សែរថយន្តក្រុងទី ៣,Brochure_of_city_bus_stop__26.12.2018.pdf,Khmer,0104000020887F0000010000000101000000042BE985BD611D410800AEE3EF743341
71,bus_line_7_no_32,1464,32,ក្រុ​មហ៊ុន អិលជី,ខ្សែរថយន្តក្រុងទី ៧,Brochure_of_city_bus_stop__26.12.2018.pdf,Khmer,0104000020887F000001000000010100000057DD4E6B4DC51D412327539CA8873341
72,bus_line_7_no_33,1466,33,ក្រុ​មហ៊ុន អិលជី,ខ្សែរថយន្តក្រុងទី ៧,Brochure_of_city_bus_stop__26.12.2018.pdf,Khmer,0104000020887F0000010000000101000000392E050FDDC41D41D0FC8716AF873341
73,bus_line_7_no_34,1468,34,បេសស្តា ខេធីវី,ខ្សែរថយន្តក្រុងទី ៧,Brochure_of_city_bus_stop__26.12.2018.pdf,Khmer,0104000020887F00000100000001010000005DDD5260C7C51D41884D7435E1853341
74,bus_line_7_no_35,1470,35,បេសស្តា ខេធីវី,ខ្សែរថយន្តក្រុងទី ៧,Brochure_of_city_bus_stop__26.12.2018.pdf,Khmer,0104000020887F0000010000000101000000EA0A799B40C51D41F30B6EA09B853341
75,bus_line_7_no_37,1474,37,បណ្ណាល័យ ហ៊ុនសែន,ខ្សែរថយន្តក្រុងទី ៧,Brochure_of_city_bus_stop__26.12.2018.pdf,Khmer,0104000020887F00000100000001010000001435BE4DD2C51D41A0F48717B5833341
76,bus_line_7_no_26,1450,26,ក្រុមហ៊ុន​ បូដាមិច,ខ្សែរថយន្តក្រុងទី ៧,Brochure_of_city_bus_stop__26.12.2018.pdf,Khmer,0104000020887F0000010000000101000000922FC540BED21D417BB953D5A98C3341
77,bus_line_7_no_24,1446,24,សាលាអន្តរជាតិិ ហ្គោហ្គោ,ខ្សែរថយន្តក្រុងទី ៧,Brochure_of_city_bus_stop__26.12.2018.pdf,Khmer,0104000020887F0000010000000101000000B80320CC11D81D41B7F361C4988D3341
78,bus_line_7_no_22,1442,22,តេលា រិទ្ធីកាំកូ,ខ្សែរថយន្តក្រុងទី ៧,Brochure_of_city_bus_stop__26.12.2018.pdf,Khmer,0104000020887F0000010000000101000000E2A25D5774D91D414C9013C2E48D3341
79,bus_line_7_no_23,1444,23,តេលា រិទ្ធីកាំកូ,ខ្សែរថយន្តក្រុងទី ៧,Brochure_of_city_bus_stop__26.12.2018.pdf,Khmer,0104000020887F000001000000010100000096DBC56D98D91D4187C7B430158E3341
80,bus_line_7_no_21,1440,21,ប៉ុស្ត៍លេខ៣,ខ្សែរថយន្តក្រុងទី ៧,Brochure_of_city_bus_stop__26.12.2018.pdf,Khmer,0104000020887F0000010000000101000000CF9DA96D02DA1D41AFB90BB236913341
81,bus_line_7_no_20,1438,20,ប៉ុស្ត៍លេខ៣,ខ្សែរថយន្តក្រុងទី ៧,Brochure_of_city_bus_stop__26.12.2018.pdf,Khmer,0104000020887F0000010000000101000000BEAE418B48DA1D4158AC8F646D913341
82,bus_line_4_no_1,872,1,សួនច្បារឬស្សីកែវ,ខ្សែរថយន្តក្រុងទី ៤,Brochure_of_city_bus_stop__26.12.2018.pdf,Khmer,0104000020887F0000010000000101000000FF5D769332F91D4153010E76B2933341
83,bus_line_1_no_58,96,58,ផ្សារធំថ្មី,ខ្សែរថយន្តក្រុងទី ១,Brochure_of_city_bus_stop__26.12.2018.pdf,Khmer,0104000020887F0000010000000101000000B3C1F499B1F91D41BD1EBAC79E833341
84,bus_line_1_no_66,114,66,វិទ្យាល័យព្រះយុគន្ធរ,ខ្សែរថយន្តក្រុងទី ១,Brochure_of_city_bus_stop__26.12.2018.pdf,Khmer,0104000020887F0000010000000101000000068126F542FD1D41D3E3A2E3957D3341
85,bus_line_2_no_51,678,51,រង្វង់មូលតាខ្មៅ,ខ្សែរថយន្តក្រុងទី ២,Brochure_of_city_bus_stop__26.12.2018.pdf,Khmer,0104000020887F00000100000001010000006AE88D00C5251E4144021221105E3341
86,bus_line_2_no_26,622,26,ក្រសួងវប្បធម៌ និងវិចិត្រសិល្បៈ,ខ្សែរថយន្តក្រុងទី ២,Brochure_of_city_bus_stop__26.12.2018.pdf,Khmer,0104000020887F0000010000000101000000814D85D3950D1E4109DBC99F0C743341
87,bus_line_2_no_22,614,22,ក្រសួងកសិកម្ម រុក្ខាប្រមាញ់ និងនេសាទ,ខ្សែរថយន្តក្រុងទី ២,Brochure_of_city_bus_stop__26.12.2018.pdf,Khmer,0104000020887F00000100000001010000000A48256BD9091E413EE269256E783341
88,bus_line_2_no_23,616,23,ក្រសួងកសិកម្ម រុក្ខាប្រមាញ់ និងនេសាទ,ខ្សែរថយន្តក្រុងទី ២,Brochure_of_city_bus_stop__26.12.2018.pdf,Khmer,0104000020887F0000010000000101000000937A0E2B5E091E415647C2AC70783341
89,bus_line_5_no_70,1288,70,ក្រសួងកសិកម្ម រុក្ខាប្រមាញ់ និងនេសាទ,ខ្សែរថយន្តក្រុងទី ៥ B,Brochure_of_city_bus_stop__26.12.2018.pdf,Khmer,0104000020887F00000100000001010000009A485B6871081E41B0BA677FF1783341
90,bus_line_5_no_71,1290,71,ក្រសួងកសិកម្ម រុក្ខាប្រមាញ់ និងនេសាទ,ខ្សែរថយន្តក្រុងទី ៥ B,Brochure_of_city_bus_stop__26.12.2018.pdf,Khmer,0104000020887F0000010000000101000000B93D3ECF56081E41ECAC92BF0F793341
91,bus_line_5_no_72,1292,72,សណ្ឋាគារសូហ្វីថេល ភូគីត្រា,ខ្សែរថយន្តក្រុងទី ៥ B,Brochure_of_city_bus_stop__26.12.2018.pdf,Khmer,0104000020887F0000010000000101000000CC12A39FE20D1E41BDB98377AA793341
92,bus_line_5_no_73,1294,73,សណ្ឋាគារសូហ្វីថេល ភូគីត្រា,ខ្សែរថយន្តក្រុងទី ៥ B,Brochure_of_city_bus_stop__26.12.2018.pdf,Khmer,0104000020887F0000010000000101000000F8C5146E260E1E41D6AC8BC29E793341
93,bus_line_5_no_74,1296,74,ផ្សារអ៉ីីអន ១,ខ្សែរថយន្តក្រុងទី ៥ B,Brochure_of_city_bus_stop__26.12.2018.pdf,Khmer,0104000020887F000001000000010100000098EA37A44C151E415740D3584F7A3341
94,bus_line_2_no_10,588,10,វិទ្យាល័យព្រះស៊ីសុវត្ថិ,ខ្សែរថយន្តក្រុងទី ២,Brochure_of_city_bus_stop__26.12.2018.pdf,Khmer,0104000020887F00000100000001010000009C8B38FB42051E41F2630B8ABD823341
95,bus_line_3_no_54,810,54,ផ្សារស៊ិនជូរីផ្លាហ្សា,ខ្សែរថយន្តក្រុងទី ៣,Brochure_of_city_bus_stop__26.12.2018.pdf,Khmer,0104000020887F000001000000010100000053F002041F8E1D419829454ACE803341
96,bus_line_3_no_52,806,52,វិទ្យាល័យហ៊ុនសែនពោធ៍ចិនតុង,ខ្សែរថយន្តក្រុងទី ៣,Brochure_of_city_bus_stop__26.12.2018.pdf,Khmer,0104000020887F00000100000001010000000CAD9681F3931D41B64531D61B813341
97,bus_line_3_no_48,796,48,ក្រសួងពាណិជ្ជកម្ម,ខ្សែរថយន្តក្រុងទី ៣,Brochure_of_city_bus_stop__26.12.2018.pdf,Khmer,0104000020887F00000100000001010000007ECDDFC3E69D1D41F5935BBB0B813341
98,bus_line_7_no_41,1484,41,មន្ទីីរសម្រាកព្យាបាល អរុណរះ,ខ្សែរថយន្តក្រុងទី ៧,Brochure_of_city_bus_stop__26.12.2018.pdf,Khmer,0104000020887F00000100000001010000003B79F535C0C81D41A9B520EF3F803341
99,bus_line_7_no_40,1482,40,មន្ទីីរសម្រាកព្យាបាល អរុណរះ,ខ្សែរថយន្តក្រុងទី ៧,Brochure_of_city_bus_stop__26.12.2018.pdf,Khmer,0104000020887F0000010000000101000000DF5D59B0DEC71D419CB1A733E17F3341
100,bus_line_7_no_42,1486,42,សាលាបឋមសិក្សា អនុវត្តន៍រាជធានី,ខ្សែរថយន្តក្រុងទី ៧,Brochure_of_city_bus_stop__26.12.2018.pdf,Khmer,0104000020887F0000010000000101000000E2C0BEFD0BC41D4111E3D65B3F7E3341
101,bus_line_7_no_45,1492,45,អគ្គនាយកដ្ឋានកសិកម្ម,ខ្សែរថយន្តក្រុងទី ៧,Brochure_of_city_bus_stop__26.12.2018.pdf,Khmer,0104000020887F0000010000000101000000884637FDA0C51D415C3DAE13317C3341
102,bus_line_7_no_46,1494,46,វិទ្យាល័យជាស៊ីមសាមគ្គី,ខ្សែរថយន្តក្រុងទី ៧,Brochure_of_city_bus_stop__26.12.2018.pdf,Khmer,0104000020887F000001000000010100000011C0586B87CA1D419D2D2914697B3341
103,bus_line_7_no_49,1500,49,ស្ពានអាកាស ស្ទឹងមានជ័យ,ខ្សែរថយន្តក្រុងទី ៧,Brochure_of_city_bus_stop__26.12.2018.pdf,Khmer,0104000020887F0000010000000101000000AFC37DCBD8D21D41DE38C0E63E7B3341
104,bus_line_5_no_56,1256,56,ផ្សារដើមគរ,ខ្សែរថយន្តក្រុងទី ៥ B,Brochure_of_city_bus_stop__26.12.2018.pdf,Khmer,0104000020887F0000010000000101000000D7F5A566DADD1D417195A14F0A7D3341
105,bus_line_5_no_57,1258,57,ផ្សារដើមគរ,ខ្សែរថយន្តក្រុងទី ៥ B,Brochure_of_city_bus_stop__26.12.2018.pdf,Khmer,0104000020887F0000010000000101000000A5B73A2952DD1D4169D81F48017D3341
106,bus_line_5_no_55,1254,55,មជ្ឈមណ្ឌលម៉ុងឌីយ៉ាល់,ខ្សែរថយន្តក្រុងទី ៥ B,Brochure_of_city_bus_stop__26.12.2018.pdf,Khmer,0104000020887F00000100000001010000003D2247B4FEDB1D413287F32C11803341
107,bus_line_5_no_54,1252,54,មជ្ឈមណ្ឌលម៉ុងឌីយ៉ាល់,ខ្សែរថយន្តក្រុងទី ៥ B,Brochure_of_city_bus_stop__26.12.2018.pdf,Khmer,0104000020887F000001000000010100000092B5D18A70DC1D41F93DB44208803341
108,bus_line_5_no_53,1250,53,សាលាបឋមសិក្សាសន្ធរម៉ុក,ខ្សែរថយន្តក្រុងទី ៥ B,Brochure_of_city_bus_stop__26.12.2018.pdf,Khmer,0104000020887F000001000000010100000046B64298F1DA1D41EC0C00745C823341
109,bus_line_7_no_51,1506,51,ផ្សារទំនើប សុវណ្ណា,ខ្សែរថយន្តក្រុងទី ៧,Brochure_of_city_bus_stop__26.12.2018.pdf,Khmer,0104000020887F000001000000010100000023AF13AFB3D91D41F843BEEB7A793341
110,bus_line_7_no_53,1510,53,មន្ទីរពេទ្យ រុស្សី,ខ្សែរថយន្តក្រុងទី ៧,Brochure_of_city_bus_stop__26.12.2018.pdf,Khmer,0104000020887F0000010000000101000000AE211C53F9E01D414CCBF637B4783341
111,bus_line_7_no_55,1514,55,មីក្រូហិរញ្ញវត្ថុ អេអិមខេ,ខ្សែរថយន្តក្រុងទី ៧,Brochure_of_city_bus_stop__26.12.2018.pdf,Khmer,0104000020887F0000010000000101000000A449EC3CA1E71D41637777C602783341
112,bus_line_7_no_58,1520,58,ឌូបៃ KTV,ខ្សែរថយន្តក្រុងទី ៧,Brochure_of_city_bus_stop__26.12.2018.pdf,Khmer,0104000020887F000001000000010100000062255A34FDF01D41DD8B14FE0C743341
113,bus_line_7_no_60,1526,60,សាលាអន្តរជាតិិិ ប្រីតធីសកម្ពុជា,ខ្សែរថយន្តក្រុងទី ៧,Brochure_of_city_bus_stop__26.12.2018.pdf,Khmer,0104000020887F00000100000001010000007A85ED00A5F41D41B0F5C75159723341
114,bus_line_7_no_61,1528,61,សាលាអន្តរជាតិិិ ប្រីតធីសកម្ពុជា,ខ្សែរថយន្តក្រុងទី ៧,Brochure_of_city_bus_stop__26.12.2018.pdf,Khmer,0104000020887F0000010000000101000000655E52EBD9F41D4136A168F621723341
115,bus_line_5_no_51,1246,51,សាលាតិចណូ,ខ្សែរថយន្តក្រុងទី ៥ B,Brochure_of_city_bus_stop__26.12.2018.pdf,Khmer,0104000020887F0000010000000101000000C2296B6865D91D416CCAD1C092843341
116,bus_line_2_no_50,676,50,ស្ពានថ្មតាខ្មៅ(ខាងកើត),ខ្សែរថយន្តក្រុងទី ២,Brochure_of_city_bus_stop__26.12.2018.pdf,Khmer,0104000020887F000001000000010100000031D7D59B5A291E418B1A98F62E5F3341
117,bus_line_2_no_48,670,48,មន្ទីរសាធារណការ និងដឹកជញ្ជូនខេត្តកណ្តាល,ខ្សែរថយន្តក្រុងទី ២,Brochure_of_city_bus_stop__26.12.2018.pdf,Khmer,0104000020887F0000010000000101000000724C8CA86E291E411E3D964372603341
118,bus_line_2_no_46,666,46,រង្វង់មូលព្រះនរាយន៍,ខ្សែរថយន្តក្រុងទី ២,Brochure_of_city_bus_stop__26.12.2018.pdf,Khmer,0104000020887F0000010000000101000000AACA0DAB92241E4195D4B74FBE623341
119,bus_line_2_no_47,668,47,សាលាក្រុងតាខ្មៅ,ខ្សែរថយន្តក្រុងទី ២,Brochure_of_city_bus_stop__26.12.2018.pdf,Khmer,0104000020887F000001000000010100000029CFAC2408241E4133744D4755623341
120,bus_line_2_no_49,672,49,ផ្សារតាខ្មៅ,ខ្សែរថយន្តក្រុងទី ២,Brochure_of_city_bus_stop__26.12.2018.pdf,Khmer,0104000020887F00000100000001010000009B88F15679211E41763F2793E6603341
121,bus_line_2_no_45,664,45,មជ្ឈមណ្ឌលចាក់អង្រែក្រោម,ខ្សែរថយន្តក្រុងទី ២,Brochure_of_city_bus_stop__26.12.2018.pdf,Khmer,0104000020887F0000010000000101000000C033C74252231E41715B1D4C8E633341
122,bus_line_2_no_44,662,44,មជ្ឈមណ្ឌលចាក់អង្រែក្រោម,ខ្សែរថយន្តក្រុងទី ២,Brochure_of_city_bus_stop__26.12.2018.pdf,Khmer,0104000020887F00000100000001010000009EB3388045231E415A36EFA3F9633341
123,bus_line_2_no_43,660,43,ចាក់អង្រែក្រោម,ខ្សែរថយន្តក្រុងទី ២,Brochure_of_city_bus_stop__26.12.2018.pdf,Khmer,0104000020887F0000010000000101000000D232EFFAA6211E41C3678570EA643341
124,bus_line_2_no_42,658,42,ចាក់អង្រែក្រោម,ខ្សែរថយន្តក្រុងទី ២,Brochure_of_city_bus_stop__26.12.2018.pdf,Khmer,0104000020887F00000100000001010000009AF7D8FC11211E41D3DB08E867653341
125,bus_line_2_no_41,656,41,ភូមិទួលរកា,ខ្សែរថយន្តក្រុងទី ២,Brochure_of_city_bus_stop__26.12.2018.pdf,Khmer,0104000020887F000001000000010100000030A40F9AFE1E1E4157C30E7F5B663341
126,bus_line_2_no_40,654,40,ភូមិទួលរកា,ខ្សែរថយន្តក្រុងទី ២,Brochure_of_city_bus_stop__26.12.2018.pdf,Khmer,0104000020887F00000100000001010000003F018F21671E1E41101D8C7320673341
127,bus_line_2_no_38,648,38,សាកលវិទ្យាល័យ អាយអាយស៊ី,ខ្សែរថយន្តក្រុងទី ២,Brochure_of_city_bus_stop__26.12.2018.pdf,Khmer,0104000020887F0000010000000101000000561C883DB51C1E41053782A563683341
128,bus_line_2_no_39,650,39,សាកលវិទ្យាល័យ អាយអាយស៊ី,ខ្សែរថយន្តក្រុងទី ២,Brochure_of_city_bus_stop__26.12.2018.pdf,Khmer,0104000020887F000001000000010100000000A8EDF2B21C1E419BBD203025683341
129,bus_line_2_no_36,644,36,វិទ្យាល័យ ហ៊ុនសែនចាក់អង្រែក្រោម,ខ្សែរថយន្តក្រុងទី ២,Brochure_of_city_bus_stop__26.12.2018.pdf,Khmer,0104000020887F00000100000001010000006185F6D5811A1E412B8E07B5C7693341
130,bus_line_2_no_37,646,37,វិទ្យាល័យ ហ៊ុនសែនចាក់អង្រែក្រោម,ខ្សែរថយន្តក្រុងទី ២,Brochure_of_city_bus_stop__26.12.2018.pdf,Khmer,0104000020887F000001000000010100000007848A037F191E41367D05E52B6A3341
131,bus_line_2_no_35,642,35,រោងចក្រអគ្គិសនីទី២,ខ្សែរថយន្តក្រុងទី ២,Brochure_of_city_bus_stop__26.12.2018.pdf,Khmer,0104000020887F00000100000001010000008714B3DD2B171E41417E2B6D576B3341
132,bus_line_2_no_34,640,34,រោងចក្រអគ្គិសនីទី២,ខ្សែរថយន្តក្រុងទី ២,Brochure_of_city_bus_stop__26.12.2018.pdf,Khmer,0104000020887F000001000000010100000038DEE6493F171E41B9E5A78E716B3341
133,bus_line_2_no_33,638,33,រោងចក្របេតុង CPAC,ខ្សែរថយន្តក្រុងទី ២,Brochure_of_city_bus_stop__26.12.2018.pdf,Khmer,0104000020887F00000100000001010000002978AFC157151E410BDD5204506D3341
134,bus_line_2_no_32,636,32,រោងចក្របេតុង CPAC,ខ្សែរថយន្តក្រុងទី ២,Brochure_of_city_bus_stop__26.12.2018.pdf,Khmer,0104000020887F00000100000001010000004B1D0ED1AC151E418086A429536D3341
135,bus_line_2_no_30,632,30,វត្តចាក់អង្រែលើ,ខ្សែរថយន្តក្រុងទី ២,Brochure_of_city_bus_stop__26.12.2018.pdf,Khmer,0104000020887F00000100000001010000006C34293FDE111E41DFDFAE36D66F3341
136,bus_line_2_no_31,634,31,វត្តចាក់អង្រែលើ,ខ្សែរថយន្តក្រុងទី ២,Brochure_of_city_bus_stop__26.12.2018.pdf,Khmer,0104000020887F000001000000010100000017A8A0DD69111E411F8C7B86E16F3341
137,bus_line_2_no_28,626,28,ផ្សារក្បាលថ្នល់,ខ្សែរថយន្តក្រុងទី ២,Brochure_of_city_bus_stop__26.12.2018.pdf,Khmer,0104000020887F000001000000010100000039B1A3FE91101E414DEAF230EE713341
138,bus_line_2_no_29,628,29,ផ្សារក្បាលថ្នល់,ខ្សែរថយន្តក្រុងទី ២,Brochure_of_city_bus_stop__26.12.2018.pdf,Khmer,0104000020887F0000010000000101000000B55CA9E2C70F1E413289F45642723341
139,bus_line_2_no_27,624,27,ក្រសួងវប្បធម៌ និងវិចិត្រសិល្បៈ,ខ្សែរថយន្តក្រុងទី ២,Brochure_of_city_bus_stop__26.12.2018.pdf,Khmer,0104000020887F000001000000010100000083080357590D1E4150E4350001743341
140,bus_line_2_no_24,618,24,ក្រសួងមហាផ្ទៃ,ខ្សែរថយន្តក្រុងទី ២,Brochure_of_city_bus_stop__26.12.2018.pdf,Khmer,0104000020887F000001000000010100000007545BD1DD0A1E412D45E175FD753341
141,bus_line_2_no_25,620,25,ក្រសួងមហាផ្ទៃ,ខ្សែរថយន្តក្រុងទី ២,Brochure_of_city_bus_stop__26.12.2018.pdf,Khmer,0104000020887F0000010000000101000000B0F6C3A59D0A1E410282BB91F4753341
142,bus_line_2_no_21,612,21,វត្តថាន់,ខ្សែរថយន្តក្រុងទី ២,Brochure_of_city_bus_stop__26.12.2018.pdf,Khmer,0104000020887F00000100000001010000002A42F20FDB091E41C1FF66CDBB793341
143,bus_line_2_no_17,602,17,ស្តុបកាកបាតក្រហម,ខ្សែរថយន្តក្រុងទី ២,Brochure_of_city_bus_stop__26.12.2018.pdf,Khmer,0104000020887F00000100000001010000009E80822A0F0B1E41671D3224CC7C3341
144,bus_line_2_no_15,598,15,វិទ្យាស្ថានជាតិអប់រំ,ខ្សែរថយន្តក្រុងទី ២,Brochure_of_city_bus_stop__26.12.2018.pdf,Khmer,0104000020887F0000010000000101000000C5AEEE3895091E41C35065D6B77E3341
145,bus_line_2_no_14,596,14,វិទ្យាស្ថានជាតិអប់រំ,ខ្សែរថយន្តក្រុងទី ២,Brochure_of_city_bus_stop__26.12.2018.pdf,Khmer,0104000020887F0000010000000101000000580B96D548091E41FC6D5B821E7F3341
146,bus_line_2_no_12,592,12,អនុវិទ្យាល័យចតុមុខ,ខ្សែរថយន្តក្រុងទី ២,Brochure_of_city_bus_stop__26.12.2018.pdf,Khmer,0104000020887F0000010000000101000000202A6E507E071E41B024875EC1803341
147,bus_line_2_no_13,594,13,អនុវិទ្យាល័យចតុមុខ,ខ្សែរថយន្តក្រុងទី ២,Brochure_of_city_bus_stop__26.12.2018.pdf,Khmer,0104000020887F00000100000001010000008FBD5F232B071E41EDF77B0AD9803341
148,bus_line_2_no_11,590,11,វិទ្យាល័យព្រះស៊ីសុវត្ថិ,ខ្សែរថយន្តក្រុងទី ២,Brochure_of_city_bus_stop__26.12.2018.pdf,Khmer,0104000020887F0000010000000101000000E5EECA4622051E416A2109E6A5823341
149,bus_line_5_no_30,1200,30,ផ្សារអ៉ីអនសែនសុខ,ខ្សែរថយន្តក្រុងទី ៥ B,Brochure_of_city_bus_stop__26.12.2018.pdf,Khmer,0104000020887F00000100000001010000006215D8BFCEBD1D41B1C9F49E44903341
150,bus_line_5_no_31,1202,31,ផ្សារអ៉ីអនសែនសុខ,ខ្សែរថយន្តក្រុងទី ៥ B,Brochure_of_city_bus_stop__26.12.2018.pdf,Khmer,0104000020887F0000010000000101000000A54F35D8A7BD1D41B3C9D59F48903341
151,bus_line_5_no_35,1210,35,ស្តុបបុរីពិភពថ្មី,ខ្សែរថយន្តក្រុងទី ៥ B,Brochure_of_city_bus_stop__26.12.2018.pdf,Khmer,0104000020887F0000010000000101000000087E45724DBB1D41A701DC9D418D3341
152,bus_line_5_no_34,1208,34,ស្តុបបុរីពិភពថ្មី,ខ្សែរថយន្តក្រុងទី ៥ B,Brochure_of_city_bus_stop__26.12.2018.pdf,Khmer,0104000020887F00000100000001010000004FFA9BE968BB1D41338C2CF3288D3341
153,bus_line_5_no_37,1214,37,ខេម៉ាត,ខ្សែរថយន្តក្រុងទី ៥ B,Brochure_of_city_bus_stop__26.12.2018.pdf,Khmer,0104000020887F0000010000000101000000C68ECE849DBB1D419688E557A48A3341
154,bus_line_5_no_36,1212,36,ខេម៉ាត,ខ្សែរថយន្តក្រុងទី ៥ B,Brochure_of_city_bus_stop__26.12.2018.pdf,Khmer,0104000020887F000001000000010100000070E2CA43EBBB1D41C5074EAC738A3341
155,bus_line_5_no_41,1224,41,អ៉ីហ្គលកាហ្វេ,ខ្សែរថយន្តក្រុងទី ៥ B,Brochure_of_city_bus_stop__26.12.2018.pdf,Khmer,0104000020887F0000010000000101000000F6405D477FC21D41C3B6BD5ED5883341
156,bus_line_5_no_40,1222,40,អ៉ីហ្គលកាហ្វេ,ខ្សែរថយន្តក្រុងទី ៥ B,Brochure_of_city_bus_stop__26.12.2018.pdf,Khmer,0104000020887F0000010000000101000000296C83B5BFC21D41961529B2E2883341
157,bus_line_5_no_43,1228,43,បុរី សាន់វែល,ខ្សែរថយន្តក្រុងទី ៥ B,Brochure_of_city_bus_stop__26.12.2018.pdf,Khmer,0104000020887F0000010000000101000000D019A9A975C61D41C7CDCC1687893341
158,bus_line_5_no_42,1226,42,បុរី សាន់វែល,ខ្សែរថយន្តក្រុងទី ៥ B,Brochure_of_city_bus_stop__26.12.2018.pdf,Khmer,0104000020887F0000010000000101000000426ED14AA1C61D414B9D719593893341
159,bus_line_5_no_45,1232,45,សាលាវេស្ទើនអន្តរជាតិ,ខ្សែរថយន្តក្រុងទី ៥ B,Brochure_of_city_bus_stop__26.12.2018.pdf,Khmer,0104000020887F00000100000001010000008194AFE740CB1D41A6A7BA76D8893341
160,bus_line_5_no_44,1230,44,សាលាវេស្ទើនអន្តរជាតិ,ខ្សែរថយន្តក្រុងទី ៥ B,Brochure_of_city_bus_stop__26.12.2018.pdf,Khmer,0104000020887F00000100000001010000007158CFE73ECB1D41E5764121E1893341
161,bus_line_5_no_47,1236,47,សាលា អន្តរជាតិហ្សាមែន,ខ្សែរថយន្តក្រុងទី ៥ B,Brochure_of_city_bus_stop__26.12.2018.pdf,Khmer,0104000020887F0000010000000101000000EB4385ADCFCF1D41CB76D38D30883341
162,bus_line_5_no_46,1234,46,សាលា អន្តរជាតិហ្សាមែន,ខ្សែរថយន្តក្រុងទី ៥ B,Brochure_of_city_bus_stop__26.12.2018.pdf,Khmer,0104000020887F0000010000000101000000F99AF7E5EFCF1D41039B87373B883341
163,bus_line_5_no_49,1240,49,វិទ្យាស្ថានជាតិសុខភាពសាធារណៈ,ខ្សែរថយន្តក្រុងទី ៥ B,Brochure_of_city_bus_stop__26.12.2018.pdf,Khmer,0104000020887F00000100000001010000007231E8ADADD81D41154CB3B302873341
164,bus_line_5_no_48,1238,48,វិទ្យាស្ថានជាតិសុខភាពសាធារណៈ,ខ្សែរថយន្តក្រុងទី ៥ B,Brochure_of_city_bus_stop__26.12.2018.pdf,Khmer,0104000020887F00000100000001010000009F4F7A1CBBD81D41548994080C873341
165,bus_line_5_no_58,1260,58,ក្រុមហ៊ុនស៊ុនស៉ីម៊ិចកូ,ខ្សែរថយន្តក្រុងទី ៥ B,Brochure_of_city_bus_stop__26.12.2018.pdf,Khmer,0104000020887F0000010000000101000000DAE336F8A6E21D4176E48BE6637B3341
166,bus_line_5_no_59,1262,59,ក្រុមហ៊ុនស៊ុនស៉ីម៊ិចកូ,ខ្សែរថយន្តក្រុងទី ៥ B,Brochure_of_city_bus_stop__26.12.2018.pdf,Khmer,0104000020887F00000100000001010000008CF4986C4DE21D418B466EC4567B3341
167,bus_line_5_no_62,1270,62,សាលាអន្តរទ្វីបអាមេរិចកាំង,ខ្សែរថយន្តក្រុងទី ៥ B,Brochure_of_city_bus_stop__26.12.2018.pdf,Khmer,0104000020887F00000100000001010000003ABFDD8B9FED1D417A9D88482E793341
168,bus_line_5_no_63,1272,63,សាលាអន្តរទ្វីបអាមេរិចកាំង,ខ្សែរថយន្តក្រុងទី ៥ B,Brochure_of_city_bus_stop__26.12.2018.pdf,Khmer,0104000020887F000001000000010100000037D1371973EE1D41E869100DFB783341
169,bus_line_5_no_68,1282,68,សាលាអន្តរជាតិអ៉ីតុនហោស៍,ខ្សែរថយន្តក្រុងទី ៥ B,Brochure_of_city_bus_stop__26.12.2018.pdf,Khmer,0104000020887F000001000000010100000052D4048F98021E415B3519CA04793341
170,bus_line_5_no_69,1284,69,សាលាអន្តរជាតិអ៉ីតុនហោស៍,ខ្សែរថយន្តក្រុងទី ៥ B,Brochure_of_city_bus_stop__26.12.2018.pdf,Khmer,0104000020887F0000010000000101000000396D3A2D97021E418BBCC3DDEC783341
171,bus_line_1_no_63,108,63,វត្តកោះ,ខ្សែរថយន្តក្រុងទី ១,Brochure_of_city_bus_stop__26.12.2018.pdf,Khmer,0104000020887F0000010000000101000000C06CD57C55FB1D4194D6598389813341
172,bus_line_1_no_41,62,42,មូដែន ៥,ខ្សែរថយន្តក្រុងទី ១,Brochure_of_city_bus_stop__26.12.2018.pdf,Khmer,0104000020887F00000100000001010000006938D1E22AFA1D41643F50E35B913341
173,bus_line_1_no_40,60,41,គី្លនិករ៉ាក់,ខ្សែរថយន្តក្រុងទី ១,Brochure_of_city_bus_stop__26.12.2018.pdf,Khmer,0104000020887F00000100000001010000003324116DC0F91D41D1CB7E8D61913341
174,bus_line_2_no_3,630,3,ក្រសួងកិច្ចការនារី,ខ្សែរថយន្តក្រុងទី ២,Brochure_of_city_bus_stop__26.12.2018.pdf,Khmer,0104000020887F0000010000000101000000C359B311D7F61D411E15BAC9308A3341
175,bus_line_2_no_2,608,2,ក្រសួងកិច្ចការនារី,ខ្សែរថយន្តក្រុងទី ២,Brochure_of_city_bus_stop__26.12.2018.pdf,Khmer,0104000020887F000001000000010100000047FC5DE959F81D4136F435FE478A3341
176,bus_line_2_no_4,652,4,មជ្ឈមណ្ឌលគាំពារមាតា និងទារក,ខ្សែរថយន្តក្រុងទី ២,Brochure_of_city_bus_stop__26.12.2018.pdf,Khmer,0104000020887F0000010000000101000000F6B66147E0FC1D417D5642B18D883341
177,bus_line_2_no_5,674,5,មជ្ឈមណ្ឌលគាំពារមាតា និងទារក,ខ្សែរថយន្តក្រុងទី ២,Brochure_of_city_bus_stop__26.12.2018.pdf,Khmer,0104000020887F0000010000000101000000B8BC2DD572FD1D41BE7A8C593D883341
178,bus_line_2_no_7,706,7,មន្ទីរពេទ្យគន្ធបុប្ផា,ខ្សែរថយន្តក្រុងទី ២,Brochure_of_city_bus_stop__26.12.2018.pdf,Khmer,0104000020887F0000010000000101000000BF8BF01947FF1D41BA38475B7A873341
179,bus_line_2_no_6,696,6,មន្ទីរពេទ្យគន្ធបុប្ផា,ខ្សែរថយន្តក្រុងទី ២,Brochure_of_city_bus_stop__26.12.2018.pdf,Khmer,0104000020887F000001000000010100000001DD12205CFF1D41446A783499873341
180,bus_line_3_no_1,712,1,សួនច្បារឬស្សីកែវ,ខ្សែរថយន្តក្រុងទី ៣,Brochure_of_city_bus_stop__26.12.2018.pdf,Khmer,0104000020887F0000010000000101000000B77870A051F91D412620E5DDA8933341
181,bus_line_1_no_3,34,3,មន្ទីរពេទ្យបង្អែកព្រែកព្នៅ,ខ្សែរថយន្តក្រុងទី ១,Brochure_of_city_bus_stop__26.12.2018.pdf,Khmer,0104000020887F00000100000001010000009414C590D5981D41EB26034603AC3341
182,bus_line_1_no_2,16,2,មន្ទីរពេទ្យបង្អែកព្រែកព្នៅ,ខ្សែរថយន្តក្រុងទី ១,Brochure_of_city_bus_stop__26.12.2018.pdf,Khmer,0104000020887F0000010000000101000000A6D31A11AF981D41C32F09C3F1AB3341
183,bus_line_1_no_4,58,4,អនុវិទ្យាល័យព្រែកព្នៅ,ខ្សែរថយន្តក្រុងទី ១,Brochure_of_city_bus_stop__26.12.2018.pdf,Khmer,0104000020887F00000100000001010000004642E51D9F9A1D4106E5951403AB3341
184,bus_line_1_no_5,78,5,អនុវិទ្យាល័យព្រែកព្នៅ,ខ្សែរថយន្តក្រុងទី ១,Brochure_of_city_bus_stop__26.12.2018.pdf,Khmer,0104000020887F0000010000000101000000041CDE23D19A1D416C6380F20CAB3341
185,bus_line_1_no_6,100,6,ដេប៉ូតេលាព្រែកព្នៅ,ខ្សែរថយន្តក្រុងទី ១,Brochure_of_city_bus_stop__26.12.2018.pdf,Khmer,0104000020887F0000010000000101000000C8237EC95C9E1D4106909822BCA93341
186,bus_line_1_no_7,122,7,ដេប៉ូតេលាព្រែកព្នៅ,ខ្សែរថយន្តក្រុងទី ១,Brochure_of_city_bus_stop__26.12.2018.pdf,Khmer,0104000020887F00000100000001010000009CA419878F9E1D411AB18128CAA93341
187,bus_line_1_no_8,144,8,សាលាសង្កាត់ព្រែកព្នៅ,ខ្សែរថយន្តក្រុងទី ១,Brochure_of_city_bus_stop__26.12.2018.pdf,Khmer,0104000020887F00000100000001010000000E091D0F3CA31D41FE4ABD820FA83341
188,bus_line_1_no_9,160,9,សាលាសង្កាត់ព្រែកព្នៅ,ខ្សែរថយន្តក្រុងទី ១,Brochure_of_city_bus_stop__26.12.2018.pdf,Khmer,0104000020887F0000010000000101000000A51FD4029AA31D41B999927520A83341
189,bus_line_1_no_16,8,16,អនុវិទ្យាល័យជាស៊ីមចំរើនរដ្ឋ,ខ្សែរថយន្តក្រុងទី ១,Brochure_of_city_bus_stop__26.12.2018.pdf,Khmer,0104000020887F0000010000000101000000F95D9CE499AF1D41C4C0A84D5EA43341
190,bus_line_1_no_17,10,17,អនុវិទ្យាល័យជាស៊ីមចំរើនរដ្ឋ,ខ្សែរថយន្តក្រុងទី ១,Brochure_of_city_bus_stop__26.12.2018.pdf,Khmer,0104000020887F0000010000000101000000B4F1E023F2AF1D416096842F73A43341
191,bus_line_1_no_14,4,14,រោងចក្រកាត់ដេរ ម៉ូរៀល,ខ្សែរថយន្តក្រុងទី ១,Brochure_of_city_bus_stop__26.12.2018.pdf,Khmer,0104000020887F000001000000010100000018B3E67A95A91D412BCC02BBD8A53341
192,bus_line_1_no_15,6,15,រោងចក្រកាត់ដេរ ម៉ូរៀល,ខ្សែរថយន្តក្រុងទី ១,Brochure_of_city_bus_stop__26.12.2018.pdf,Khmer,0104000020887F00000100000001010000005BB2A6340BAA1D4117E0C43EEEA53341
193,bus_line_1_no_18,12,18,សាលាអន្តរជាតិប៊ែលធី,ខ្សែរថយន្តក្រុងទី ១,Brochure_of_city_bus_stop__26.12.2018.pdf,Khmer,0104000020887F00000100000001010000004D71749B99B41D410401E28853A33341
194,bus_line_1_no_19,14,19,សាលាអន្តរជាតិប៊ែលធី,ខ្សែរថយន្តក្រុងទី ១,Brochure_of_city_bus_stop__26.12.2018.pdf,Khmer,0104000020887F0000010000000101000000B2D5D36EE0B41D41EE7CCFD370A33341
195,bus_line_1_no_20,18,20,វិហារចាមគីឡូម៉ែត្រលេខ៩,ខ្សែរថយន្តក្រុងទី ១,Brochure_of_city_bus_stop__26.12.2018.pdf,Khmer,0104000020887F00000100000001010000004FF2C80EE2C31D4134FD9C4846A13341
196,bus_line_1_no_21,20,21,វិហារចាមគីឡូម៉ែត្រលេខ៩,ខ្សែរថយន្តក្រុងទី ១,Brochure_of_city_bus_stop__26.12.2018.pdf,Khmer,0104000020887F0000010000000101000000D7FF30520EC41D4132ED15DC57A13341
197,bus_line_1_no_22,22,22,ចំណតរថយន្តក្រុងគីឡូម៉ែត្រលេខ៩,ខ្សែរថយន្តក្រុងទី ១,Brochure_of_city_bus_stop__26.12.2018.pdf,Khmer,0104000020887F0000010000000101000000A6D5634E50C41D41A69D4E6070A03341
198,bus_line_1_no_23,24,23,ចំណតរថយន្តក្រុងគីឡូម៉ែត្រលេខ៩,ខ្សែរថយន្តក្រុងទី ១,Brochure_of_city_bus_stop__26.12.2018.pdf,Khmer,0104000020887F000001000000010100000014B755AE38C61D415F2F164734A13341
199,bus_line_1_no_24,26,24,សាលាបឋមសិក្សាតេជោសែនច្រាំងចំរេះ,ខ្សែរថយន្តក្រុងទី ១,Brochure_of_city_bus_stop__26.12.2018.pdf,Khmer,0104000020887F000001000000010100000020EC188FB6D51D41547F397FB19F3341
200,bus_line_1_no_25,28,25,សាលាបឋមសិក្សាតេជោសែនច្រាំងចំរេះ,ខ្សែរថយន្តក្រុងទី ១,Brochure_of_city_bus_stop__26.12.2018.pdf,Khmer,0104000020887F000001000000010100000093347D4E00D61D419F7D1124C09F3341
201,bus_line_1_no_28,30,28,សាលាខណ្ឌឬស្សីកែវ,ខ្សែរថយន្តក្រុងទី ១,Brochure_of_city_bus_stop__26.12.2018.pdf,Khmer,0104000020887F00000100000001010000003A70D07738E21D41DE2CB675739D3341
202,bus_line_1_no_29,32,29,សាលាខណ្ឌឬស្សីកែវ,ខ្សែរថយន្តក្រុងទី ១,Brochure_of_city_bus_stop__26.12.2018.pdf,Khmer,0104000020887F0000010000000101000000DED9E0D96CE21D415A82398F8E9D3341
203,bus_line_1_no_30,38,31,បុរីពិភពថ្មី,ខ្សែរថយន្តក្រុងទី ១,Brochure_of_city_bus_stop__26.12.2018.pdf,Khmer,0104000020887F000001000000010100000094D89F72D7E41D41A02E9AA7869C3341
204,bus_line_1_no_32,42,33,មណ្ឌលសុខភាពសម្តេចឪ,ខ្សែរថយន្តក្រុងទី ១,Brochure_of_city_bus_stop__26.12.2018.pdf,Khmer,0104000020887F0000010000000101000000289EC8D75DF01D416CEB6FB67B993341
205,bus_line_1_no_33,44,34,ស្ថានីយ៍ទូរទស្សន៍ ស៊ី ធី អិន,ខ្សែរថយន្តក្រុងទី ១,Brochure_of_city_bus_stop__26.12.2018.pdf,Khmer,0104000020887F00000100000001010000007A9CCC2895F01D417FA9A0178B993341
206,bus_line_1_no_31,40,32,មណ្ឌលសុខភាពសម្តេចឪ,ខ្សែរថយន្តក្រុងទី ១,Brochure_of_city_bus_stop__26.12.2018.pdf,Khmer,0104000020887F00000100000001010000000263B61727E51D4177B39779949C3341
207,bus_line_1_no_34,46,35,ស្ថានីយ៍ទូរទស្សន៍ ស៊ី ធី អិន,ខ្សែរថយន្តក្រុងទី ១,Brochure_of_city_bus_stop__26.12.2018.pdf,Khmer,0104000020887F00000100000001010000001B57B1AC56F31D411843333912983341
208,bus_line_1_no_35,48,36,វិទ្យាល័យឬស្សីកែវ,ខ្សែរថយន្តក្រុងទី ១,Brochure_of_city_bus_stop__26.12.2018.pdf,Khmer,0104000020887F00000100000001010000002638D2D396F31D41A8FB65E517983341
209,bus_line_1_no_57,94,57,ស្តុប ប៉េកាសេ,ខ្សែរថយន្តក្រុងទី ១,Brochure_of_city_bus_stop__26.12.2018.pdf,Khmer,0104000020887F00000100000001010000006CCC2CC801F91D4156D1FD9E59853341
210,bus_line_1_no_62,106,62,វត្តកោះ,ខ្សែរថយន្តក្រុងទី ១,Brochure_of_city_bus_stop__26.12.2018.pdf,Khmer,0104000020887F000001000000010100000000789D7C2EFB1D41A4CE97182C813341
211,bus_line_1_no_65,112,65,ស្តុបផ្លូវអាចារ្យស្វា,ខ្សែរថយន្តក្រុងទី ១,Brochure_of_city_bus_stop__26.12.2018.pdf,Khmer,0104000020887F00000100000001010000004B3C0C0037FC1D417E755446F97F3341
212,bus_line_1_no_86,158,86,ចំណតរថយន្តក្រុងច្បារអំពៅ,ខ្សែរថយន្តក្រុងទី ១,Brochure_of_city_bus_stop__26.12.2018.pdf,Khmer,0104000020887F00000100000001010000000FA2792057161E417EA4B5FB42733341
213,bus_line_2_no_1,586,1,រង្វង់មូលកួចកាណុង,ខ្សែរថយន្តក្រុងទី ២,Brochure_of_city_bus_stop__26.12.2018.pdf,Khmer,0104000020887F00000100000001010000009A3197F455F51D4142AB41657E8A3341
214,bus_line_2_no_9,710,9,មន្ទីរពេទ្យព្រះអង្គឌួង,ខ្សែរថយន្តក្រុងទី ២,Brochure_of_city_bus_stop__26.12.2018.pdf,Khmer,0104000020887F0000010000000101000000932117AF88021E4150138E56E6843341
215,bus_line_2_no_16,600,16,ស្តុបកាកបាតក្រហម,ខ្សែរថយន្តក្រុងទី ២,Brochure_of_city_bus_stop__26.12.2018.pdf,Khmer,0104000020887F0000010000000101000000C5A100B35F0B1E4148CB1CAB1E7D3341
216,bus_line_2_no_19,606,19,ក្រុមហ៊ុន ម៉ុង រិទ្ធីគ្រុប,ខ្សែរថយន្តក្រុងទី ២,Brochure_of_city_bus_stop__26.12.2018.pdf,Khmer,0104000020887F00000100000001010000004DD0FC1F830A1E41F49E9152517B3341
217,bus_line_2_no_18,604,18,ក្រុមហ៊ុន ម៉ុង រិទ្ធីគ្រុប,ខ្សែរថយន្តក្រុងទី ២,Brochure_of_city_bus_stop__26.12.2018.pdf,Khmer,0104000020887F00000100000001010000007D673FE6C40A1E417B117426547B3341
218,bus_line_2_no_20,610,20,វត្តថាន់,ខ្សែរថយន្តក្រុងទី ២,Brochure_of_city_bus_stop__26.12.2018.pdf,Khmer,0104000020887F000001000000010100000024E230062B0A1E4198D02F78BD793341
219,bus_line_2_no_53,682,53,លី ហ៊ុងលក់ទូរស័ព្ទដៃ,ខ្សែរថយន្តក្រុងទី ២,Brochure_of_city_bus_stop__26.12.2018.pdf,Khmer,0104000020887F00000100000001010000008518DB0A6C271E41428DA85A545D3341
220,bus_line_2_no_55,686,55,តេលា តាខ្មៅ,ខ្សែរថយន្តក្រុងទី ២,Brochure_of_city_bus_stop__26.12.2018.pdf,Khmer,0104000020887F0000010000000101000000A85E68595C291E41118B84CF6D5C3341
221,bus_line_2_no_62,702,62,កាកបាទក្រហមកម្ពុជាសាខាខេត្តតាខ្មៅ,ខ្សែរថយន្តក្រុងទី ២,Brochure_of_city_bus_stop__26.12.2018.pdf,Khmer,0104000020887F0000010000000101000000445552A5FC351E41C986CD5179563341
222,bus_line_2_no_61,700,61,វិទ្យាល័យ ហ៊ុ៊ន សែនតាខ្មៅ,ខ្សែរថយន្តក្រុងទី ២,Brochure_of_city_bus_stop__26.12.2018.pdf,Khmer,0104000020887F0000010000000101000000482A92A0C2331E413E65E86D81573341
223,bus_line_2_no_59,694,59,សាលាអន្តរជាតិវេស្ទលែនដ៍,ខ្សែរថយន្តក្រុងទី ២,Brochure_of_city_bus_stop__26.12.2018.pdf,Khmer,0104000020887F00000100000001010000004BB7D545C22D1E41113D1A4F615A3341
224,bus_line_2_no_60,698,60,វត្តព្រែកសំរោង,ខ្សែរថយន្តក្រុងទី ២,Brochure_of_city_bus_stop__26.12.2018.pdf,Khmer,0104000020887F0000010000000101000000599B23C5883C1E41B8F054FDCA573341
225,bus_line_2_no_58,692,58,វត្តតាខ្មៅ,ខ្សែរថយន្តក្រុងទី ២,Brochure_of_city_bus_stop__26.12.2018.pdf,Khmer,0104000020887F00000100000001010000004326662636371E413B71C42EED593341
226,bus_line_2_no_56,688,56,សាលារៀនសុវណ្ណបុត្រ,ខ្សែរថយន្តក្រុងទី ២,Brochure_of_city_bus_stop__26.12.2018.pdf,Khmer,0104000020887F00000100000001010000004C15C82DC4341E41DFC5A5C02D5B3341
227,bus_line_2_no_52,680,52,ចំណតកាណូតតាខ្មៅ,ខ្សែរថយន្តក្រុងទី ២,Brochure_of_city_bus_stop__26.12.2018.pdf,Khmer,0104000020887F0000010000000101000000BCF85AF5102C1E41435B8FD33A5F3341
228,bus_line_2_no_57,690,57,ធនាគារ ABA សាខាតាខ្មៅ,ខ្សែរថយន្តក្រុងទី ២,Brochure_of_city_bus_stop__26.12.2018.pdf,Khmer,0104000020887F00000100000001010000004734C697CB2B1E418168A1284C5B3341
229,bus_line_3_no_2,734,2,គ្លីនិករ៉ាក់,ខ្សែរថយន្តក្រុងទី ៣,Brochure_of_city_bus_stop__26.12.2018.pdf,Khmer,0104000020887F0000010000000101000000973E52AB2CFA1D41469EF3F557913341
230,bus_line_3_no_4,778,4,មូដែន ៥,ខ្សែរថយន្តក្រុងទី ៣,Brochure_of_city_bus_stop__26.12.2018.pdf,Khmer,0104000020887F00000100000001010000005E7E0DFFF5F91D413BCEB2CC03903341
231,bus_line_3_no_6,822,6,សាលាបឋមសិក្សាពញ្ញាក្រែក,ខ្សែរថយន្តក្រុងទី ៣,Brochure_of_city_bus_stop__26.12.2018.pdf,Khmer,0104000020887F00000100000001010000001CCB7497A2F91D412F725A1C7A8D3341
232,bus_line_3_no_8,866,8,មណ្ឌលសុខភាពដូនពេញ,ខ្សែរថយន្តក្រុងទី ៣,Brochure_of_city_bus_stop__26.12.2018.pdf,Khmer,0104000020887F000001000000010100000043102E7491FA1D41BEB4E8ABC98B3341
233,bus_line_3_no_10,714,10,សាលាកុលាប,ខ្សែរថយន្តក្រុងទី ៣,Brochure_of_city_bus_stop__26.12.2018.pdf,Khmer,0104000020887F0000010000000101000000051165F181FB1D416D443D0FE78A3341
234,bus_line_3_no_12,718,12,ផ្ទះសំណាក់សុភមង្គល,ខ្សែរថយន្តក្រុងទី ៣,Brochure_of_city_bus_stop__26.12.2018.pdf,Khmer,0104000020887F00000100000001010000007601ABFF84FE1D4122AF9B138D893341
235,bus_line_3_no_14,722,14,ក្រុមហ៊ុន កាំមីនតែល,ខ្សែរថយន្តក្រុងទី ៣,Brochure_of_city_bus_stop__26.12.2018.pdf,Khmer,0104000020887F000001000000010100000086BC7A5126021E412D55830D3A883341
236,bus_line_3_no_16,726,16,ភោជនីយដ្ឋានភ្នំពេញបុប្ផាភ្នំពេញទីតានិច,ខ្សែរថយន្តក្រុងទី ៣,Brochure_of_city_bus_stop__26.12.2018.pdf,Khmer,0104000020887F0000010000000101000000A6244180B1081E413B7BDC7D3E863341
237,bus_line_3_no_20,736,20,គ្រឹះស្ថានមីក្រូហិរញ្ញវត្ថុបរិបូរណ៍,ខ្សែរថយន្តក្រុងទី ៣,Brochure_of_city_bus_stop__26.12.2018.pdf,Khmer,0104000020887F000001000000010100000091312858FE041E41BFA2B83598853341
238,bus_line_3_no_22,740,22,មន្ទីរពេទ្យអង្គឌួង,ខ្សែរថយន្តក្រុងទី ៣,Brochure_of_city_bus_stop__26.12.2018.pdf,Khmer,0104000020887F000001000000010100000054C4D689D3021E41CAA3E4C7E9843341
239,bus_line_3_no_42,784,42,ប៊ូយ៉ុង ថោន,ខ្សែរថយន្តក្រុងទី ៣,Brochure_of_city_bus_stop__26.12.2018.pdf,Khmer,0104000020887F0000010000000101000000006DBD0F69BE1D4104A65A741F813341
240,bus_line_3_no_43,786,43,ប៊ូយ៉ុង ថោន,ខ្សែរថយន្តក្រុងទី ៣,Brochure_of_city_bus_stop__26.12.2018.pdf,Khmer,0104000020887F0000010000000101000000D6CCF37050BE1D417E3DA30243813341
241,bus_line_3_no_49,798,49,ក្រសួងពាណិជ្ជកម្ម,ខ្សែរថយន្តក្រុងទី ៣,Brochure_of_city_bus_stop__26.12.2018.pdf,Khmer,0104000020887F00000100000001010000000D3A5658089F1D41C24BEB8729813341
242,bus_line_3_no_50,802,50,មហាវិទ្យាល័យ សង្គមសាស្រ្ត និងមនុស្សសាស្ត្រ,ខ្សែរថយន្តក្រុងទី ៣,Brochure_of_city_bus_stop__26.12.2018.pdf,Khmer,0104000020887F0000010000000101000000026CF964369A1D41D4A64BFF12813341
243,bus_line_3_no_51,804,51,មហាវិទ្យាល័យ សង្គមសាស្រ្ត និងមនុស្សសាស្ត្រ,ខ្សែរថយន្តក្រុងទី ៣,Brochure_of_city_bus_stop__26.12.2018.pdf,Khmer,0104000020887F0000010000000101000000C50FFCDFC9991D41D2640E6B34813341
244,bus_line_3_no_53,808,53,វិទ្យាល័យហ៊ុនសែនពោធ៍ចិនតុង,ខ្សែរថយន្តក្រុងទី ៣,Brochure_of_city_bus_stop__26.12.2018.pdf,Khmer,0104000020887F0000010000000101000000576DA2AE72931D41899397703A813341
245,bus_line_3_no_55,812,55,ផ្សារស៊ិនជូរីផ្លាហ្សា,ខ្សែរថយន្តក្រុងទី ៣,Brochure_of_city_bus_stop__26.12.2018.pdf,Khmer,0104000020887F00000100000001010000009B04731E748D1D417928D9F0D7803341
246,bus_line_3_no_56,814,56,សាលាសង្កាត់កាកាប,ខ្សែរថយន្តក្រុងទី ៣,Brochure_of_city_bus_stop__26.12.2018.pdf,Khmer,0104000020887F0000010000000101000000D3B8204F5C881D41788707DDDC7F3341
247,bus_line_3_no_57,816,57,សាលាសង្កាត់កាកាប,ខ្សែរថយន្តក្រុងទី ៣,Brochure_of_city_bus_stop__26.12.2018.pdf,Khmer,0104000020887F00000100000001010000003A6D4C9A23881D4177304BECF67F3341
248,bus_line_3_no_64,832,64,វត្តសុភាឃួន,ខ្សែរថយន្តក្រុងទី ៣,Brochure_of_city_bus_stop__26.12.2018.pdf,Khmer,0104000020887F0000010000000101000000F1688EE6A26D1D410BCB2CFB9B783341
249,bus_line_3_no_65,834,65,វត្តសុភាឃួន,ខ្សែរថយន្តក្រុងទី ៣,Brochure_of_city_bus_stop__26.12.2018.pdf,Khmer,0104000020887F00000100000001010000008AB5F76C076D1D41CF687CAE9F783341
250,bus_line_3_no_61,826,61,បុរី ព្រីនថោន,ខ្សែរថយន្តក្រុងទី ៣,Brochure_of_city_bus_stop__26.12.2018.pdf,Khmer,0104000020887F00000100000001010000003E8E767921771D41F785EA41457C3341
251,bus_line_3_no_60,824,60,បុរី ព្រីនថោន,ខ្សែរថយន្តក្រុងទី ៣,Brochure_of_city_bus_stop__26.12.2018.pdf,Khmer,0104000020887F00000100000001010000006CB3ED6B88731D41DFA67A0D5D7B3341
252,bus_line_3_no_62,828,62,ដងនង្គ័ល,ខ្សែរថយន្តក្រុងទី ៣,Brochure_of_city_bus_stop__26.12.2018.pdf,Khmer,0104000020887F000001000000010100000039635D99F16F1D4148D19226127A3341
253,bus_line_3_no_63,830,63,ដងនង្គ័ល,ខ្សែរថយន្តក្រុងទី ៣,Brochure_of_city_bus_stop__26.12.2018.pdf,Khmer,0104000020887F0000010000000101000000BC165CFE5F6F1D417091AA02147A3341
254,bus_line_3_no_66,836,66,រង្វង់មូល ចោមចៅ (ពាក់កណ្តាលតារាងយន្តហោះ),ខ្សែរថយន្តក្រុងទី ៣,Brochure_of_city_bus_stop__26.12.2018.pdf,Khmer,0104000020887F0000010000000101000000106F03E15B641D418088CFDF38753341
255,bus_line_3_no_68,840,68,កងកម្លាំងវិស្វកម្មអគ្គបញ្ជាការដ្ឋាន ខ.ភ.ម,ខ្សែរថយន្តក្រុងទី ៣,Brochure_of_city_bus_stop__26.12.2018.pdf,Khmer,0104000020887F0000010000000101000000526EF0284F601D41DC82914CFF733341
256,bus_line_3_no_69,842,69,កងកម្លាំងវិស្វកម្មអគ្គបញ្ជាការដ្ឋាន ខ.ភ.ម,ខ្សែរថយន្តក្រុងទី ៣,Brochure_of_city_bus_stop__26.12.2018.pdf,Khmer,0104000020887F00000100000001010000002F69FA95FF5F1D41E413835A08743341
257,bus_line_3_no_70,846,70,រោងចក្រដែក អែម.ខេ,ខ្សែរថយន្តក្រុងទី ៣,Brochure_of_city_bus_stop__26.12.2018.pdf,Khmer,0104000020887F0000010000000101000000CD0ED08F93551D41DD3912A41B703341
258,bus_line_3_no_71,848,71,រោងចក្រដែក អែម.ខេ,ខ្សែរថយន្តក្រុងទី ៣,Brochure_of_city_bus_stop__26.12.2018.pdf,Khmer,0104000020887F000001000000010100000060BEF7E706551D41F36E1F9E27703341
259,bus_line_3_no_73,852,73,មជ្ឈមណ្ឌលអង្គការទស្សនៈកុមារ,ខ្សែរថយន្តក្រុងទី ៣,Brochure_of_city_bus_stop__26.12.2018.pdf,Khmer,0104000020887F0000010000000101000000A4A2074620531D41A5DC0001986D3341
260,bus_line_3_no_72,850,72,មជ្ឈមណ្ឌលអង្គការទស្សនៈកុមារ,ខ្សែរថយន្តក្រុងទី ៣,Brochure_of_city_bus_stop__26.12.2018.pdf,Khmer,0104000020887F00000100000001010000008E4F6FB986531D41116943F59F6D3341
261,bus_line_3_no_74,854,74,វត្តជន្លង់ម្លូ,ខ្សែរថយន្តក្រុងទី ៣,Brochure_of_city_bus_stop__26.12.2018.pdf,Khmer,0104000020887F0000010000000101000000AFD36FC08D501D413C55C6C4A7673341
262,bus_line_3_no_75,856,75,វត្តជន្លង់ម្លូ,ខ្សែរថយន្តក្រុងទី ៣,Brochure_of_city_bus_stop__26.12.2018.pdf,Khmer,0104000020887F000001000000010100000088C991B11E501D416EC4C887AE673341
263,bus_line_3_no_77,860,77,ក្លោងទ្វារវត្ត ត្រពាំងសិលា,ខ្សែរថយន្តក្រុងទី ៣,Brochure_of_city_bus_stop__26.12.2018.pdf,Khmer,0104000020887F0000010000000101000000B47367B0D9501D4170656E9CC0663341
264,bus_line_3_no_76,858,76,ក្លោងទ្វារវត្ត ត្រពាំងសិលា,ខ្សែរថយន្តក្រុងទី ៣,Brochure_of_city_bus_stop__26.12.2018.pdf,Khmer,0104000020887F0000010000000101000000DEC79593BE501D41D2F9F83FD0663341
265,bus_line_3_no_78,862,78,រោងចក្រក្រដាស ហ័រ ចេង,ខ្សែរថយន្តក្រុងទី ៣,Brochure_of_city_bus_stop__26.12.2018.pdf,Khmer,0104000020887F0000010000000101000000E4857EC79E5D1D41A0765C64DB663341
266,bus_line_3_no_79,864,79,រោងចក្រក្រដាស ហ័រ ចេង,ខ្សែរថយន្តក្រុងទី ៣,Brochure_of_city_bus_stop__26.12.2018.pdf,Khmer,0104000020887F000001000000010100000001AF92C8995D1D41CD1834DEC2663341
267,bus_line_3_no_80,868,80,បុរីសន្តិភាព ២,ខ្សែរថយន្តក្រុងទី ៣,Brochure_of_city_bus_stop__26.12.2018.pdf,Khmer,0104000020887F00000100000001010000002DFCD696E4651D41DED71A84CC663341
268,bus_line_3_no_3,756,3,គ្លីនិករ៉ាក់,ខ្សែរថយន្តក្រុងទី ៣,Brochure_of_city_bus_stop__26.12.2018.pdf,Khmer,0104000020887F0000010000000101000000C5E19FADC5F91D41A1C59AF155913341
269,bus_line_3_no_5,800,5,មូដែន ៥,ខ្សែរថយន្តក្រុងទី ៣,Brochure_of_city_bus_stop__26.12.2018.pdf,Khmer,0104000020887F0000010000000101000000BD4568C2B7F91D41E9390AF125903341
270,bus_line_3_no_7,844,7,សាលាបឋមសិក្សាពញ្ញាក្រែក,ខ្សែរថយន្តក្រុងទី ៣,Brochure_of_city_bus_stop__26.12.2018.pdf,Khmer,0104000020887F000001000000010100000004990D8538F91D41F95AEA117E8D3341
271,bus_line_3_no_9,870,9,មណ្ឌលសុខភាពដូនពេញ,ខ្សែរថយន្តក្រុងទី ៣,Brochure_of_city_bus_stop__26.12.2018.pdf,Khmer,0104000020887F0000010000000101000000D9174C905AFA1D4147C6409EBC8B3341
272,bus_line_3_no_11,716,11,សាលាកុលាប,ខ្សែរថយន្តក្រុងទី ៣,Brochure_of_city_bus_stop__26.12.2018.pdf,Khmer,0104000020887F00000100000001010000007BF7009646FB1D416036CF54DF8A3341
273,bus_line_3_no_13,720,13,ផ្ទះសំណាក់សុភមង្គល,ខ្សែរថយន្តក្រុងទី ៣,Brochure_of_city_bus_stop__26.12.2018.pdf,Khmer,0104000020887F00000100000001010000006D62388A42FE1D4196C480247F893341
274,bus_line_3_no_15,724,15,ក្រុមហ៊ុន កាំមីនតែល,ខ្សែរថយន្តក្រុងទី ៣,Brochure_of_city_bus_stop__26.12.2018.pdf,Khmer,0104000020887F00000100000001010000006AD4CD53E6011E418D66FB932C883341
275,bus_line_3_no_17,728,17,ភោជនីយដ្ឋានភ្នំពេញបុប្ផាភ្នំពេញទីតានិច,ខ្សែរថយន្តក្រុងទី ៣,Brochure_of_city_bus_stop__26.12.2018.pdf,Khmer,0104000020887F0000010000000101000000054CB3CE88081E41C398148539863341
276,bus_line_3_no_19,732,19,ផ្សារមូលបត្រកម្ពុជា,ខ្សែរថយន្តក្រុងទី ៣,Brochure_of_city_bus_stop__26.12.2018.pdf,Khmer,0104000020887F0000010000000101000000A06480457A041E41E71E0122E0853341
277,bus_line_3_no_21,738,21,អគ្គនាយកដ្ឋានរតនាគារជាតិ,ខ្សែរថយន្តក្រុងទី ៣,Brochure_of_city_bus_stop__26.12.2018.pdf,Khmer,0104000020887F000001000000010100000085E90D6B19021E41CF9AC499CB853341
278,bus_line_3_no_23,742,23,មន្ទីរពេទ្យអង្គឌួង,ខ្សែរថយន្តក្រុងទី ៣,Brochure_of_city_bus_stop__26.12.2018.pdf,Khmer,0104000020887F00000100000001010000001E9AC0FD86021E41C4BF18B6EA843341
279,bus_line_4_no_2,894,2,គ្លីនិករ៉ាក់,ខ្សែរថយន្តក្រុងទី ៤,Brochure_of_city_bus_stop__26.12.2018.pdf,Khmer,0104000020887F00000100000001010000004D6B70E6C1F91D41F042832C56913341
280,bus_line_4_no_3,916,3,គ្លីនិករ៉ាក់,ខ្សែរថយន្តក្រុងទី ៤,Brochure_of_city_bus_stop__26.12.2018.pdf,Khmer,0104000020887F000001000000010100000055AB5F9824FA1D417EEA487D52913341
281,bus_line_4_no_4,938,4,មូដែន ៥,ខ្សែរថយន្តក្រុងទី ៤,Brochure_of_city_bus_stop__26.12.2018.pdf,Khmer,0104000020887F0000010000000101000000F9ED2736B5F91D412FE1651B23903341
282,bus_line_4_no_5,960,5,មូដែន ៥,ខ្សែរថយន្តក្រុងទី ៤,Brochure_of_city_bus_stop__26.12.2018.pdf,Khmer,0104000020887F000001000000010100000074F34607F9F91D411AF7FB7800903341
283,bus_line_4_no_6,982,6,សាលាបឋមសិក្សាពញ្ញាក្រែក,ខ្សែរថយន្តក្រុងទី ៤,Brochure_of_city_bus_stop__26.12.2018.pdf,Khmer,0104000020887F000001000000010100000028CA160E39F91D4130499C297A8D3341
284,bus_line_4_no_7,1004,7,សាលាបឋមសិក្សាពញ្ញាក្រែក,ខ្សែរថយន្តក្រុងទី ៤,Brochure_of_city_bus_stop__26.12.2018.pdf,Khmer,0104000020887F0000010000000101000000ADED4DB0A0F91D410732B6C8768D3341
285,bus_line_4_no_8,1026,8,មណ្ឌលសុខភាពដូនពេញ,ខ្សែរថយន្តក្រុងទី ៤,Brochure_of_city_bus_stop__26.12.2018.pdf,Khmer,0104000020887F0000010000000101000000CBB5D79B50FA1D416C7A401BB68B3341
286,bus_line_4_no_9,1044,9,មណ្ឌលសុខភាពដូនពេញ,ខ្សែរថយន្តក្រុងទី ៤,Brochure_of_city_bus_stop__26.12.2018.pdf,Khmer,0104000020887F000001000000010100000064C569959FFA1D41E2BE4E85C08B3341
287,bus_line_4_no_10,874,10,រង្វង់មូលកួចកាណុង,ខ្សែរថយន្តក្រុងទី ៤,Brochure_of_city_bus_stop__26.12.2018.pdf,Khmer,0104000020887F0000010000000101000000020E6F8E4FF51D41E2A68B117C8A3341
288,bus_line_4_no_12,878,12,ក្រសួងកិច្ចការនារី,ខ្សែរថយន្តក្រុងទី ៤,Brochure_of_city_bus_stop__26.12.2018.pdf,Khmer,0104000020887F0000010000000101000000879A92EBE2F61D41AA6132F82C8A3341
289,bus_line_2_no_8,708,8,មន្ទីរពេទ្យព្រះអង្គឌួង,ខ្សែរថយន្តក្រុងទី ២,Brochure_of_city_bus_stop__26.12.2018.pdf,Khmer,0104000020887F000001000000010100000063B39084BE021E41FCF2D328ED843341
290,bus_line_4_no_14,882,14,មជ្ឈមណ្ឌលជាតិគាំពារកុមារ និងទារក,ខ្សែរថយន្តក្រុងទី ៤,Brochure_of_city_bus_stop__26.12.2018.pdf,Khmer,0104000020887F0000010000000101000000865F18C800FD1D41E3CDEA0D8C883341
291,bus_line_4_no_15,884,15,មជ្ឈមណ្ឌលជាតិគាំពារកុមារ និងទារក,ខ្សែរថយន្តក្រុងទី ៤,Brochure_of_city_bus_stop__26.12.2018.pdf,Khmer,0104000020887F0000010000000101000000D98F982152FD1D4124BEC64441883341
292,bus_line_4_no_17,888,17,មន្ទីរពេទ្យគន្ធបុប្ផា,ខ្សែរថយន្តក្រុងទី ៤,Brochure_of_city_bus_stop__26.12.2018.pdf,Khmer,0104000020887F00000100000001010000009331760C38FF1D415E3D393C7F873341
293,bus_line_4_no_16,886,16,មន្ទីរពេទ្យគន្ធបុប្ផា,ខ្សែរថយន្តក្រុងទី ៤,Brochure_of_city_bus_stop__26.12.2018.pdf,Khmer,0104000020887F0000010000000101000000F8270B2B58FF1D4155D9BC65A3873341
294,bus_line_4_no_18,890,18,មន្ទីរពេទ្យអង្គឌួង,ខ្សែរថយន្តក្រុងទី ៤,Brochure_of_city_bus_stop__26.12.2018.pdf,Khmer,0104000020887F000001000000010100000020CDDCF7B8021E411810D5C3EF843341
295,bus_line_4_no_19,892,19,មន្ទីរពេទ្យអង្គឌួង,ខ្សែរថយន្តក្រុងទី ៤,Brochure_of_city_bus_stop__26.12.2018.pdf,Khmer,0104000020887F000001000000010100000079084EF87E021E4114BA9FA3E9843341
296,bus_line_4_no_21,898,21,ផ្សារធំថ្មី,ខ្សែរថយន្តក្រុងទី ៤,Brochure_of_city_bus_stop__26.12.2018.pdf,Khmer,0104000020887F000001000000010100000087FAB10BA1FF1D41BB89305911843341
297,bus_line_4_no_20,896,20,ផ្សារធំថ្មី,ខ្សែរថយន្តក្រុងទី ៤,Brochure_of_city_bus_stop__26.12.2018.pdf,Khmer,0104000020887F0000010000000101000000A2421F1FD6001E415AF29C3508843341
298,bus_line_4_no_23,902,23,រោងកុនសូរីយា,ខ្សែរថយន្តក្រុងទី ៤,Brochure_of_city_bus_stop__26.12.2018.pdf,Khmer,0104000020887F00000100000001010000006E42F20AA9FB1D4130DBB22B52833341
299,bus_line_4_no_22,900,22,រោងកុនសូរីយា,ខ្សែរថយន្តក្រុងទី ៤,Brochure_of_city_bus_stop__26.12.2018.pdf,Khmer,0104000020887F0000010000000101000000C5EE680E4EFC1D419559E1CC41833341
300,bus_line_4_no_24,904,24,រោងកុនអង្គរ,ខ្សែរថយន្តក្រុងទី ៤,Brochure_of_city_bus_stop__26.12.2018.pdf,Khmer,0104000020887F0000010000000101000000C950B44C15F81D41BF81A3FA81823341
301,bus_line_4_no_25,906,25,រោងកុនអង្គរ,ខ្សែរថយន្តក្រុងទី ៤,Brochure_of_city_bus_stop__26.12.2018.pdf,Khmer,0104000020887F00000100000001010000006E27B08CF5F71D41C3A0A6CA99823341
302,bus_line_4_no_26,908,26,ផ្សារអូរឬស្សី,ខ្សែរថយន្តក្រុងទី ៤,Brochure_of_city_bus_stop__26.12.2018.pdf,Khmer,0104000020887F0000010000000101000000EBB742FF2BF31D41B89FDDEE86813341
303,bus_line_4_no_27,910,27,ផ្សារអូរឬស្សី,ខ្សែរថយន្តក្រុងទី ៤,Brochure_of_city_bus_stop__26.12.2018.pdf,Khmer,0104000020887F000001000000010100000039B1098CFFF21D41D21747599E813341
304,bus_line_4_no_28,912,28,វត្តព្រះពុទ្ធមានបុណ្យ,ខ្សែរថយន្តក្រុងទី ៤,Brochure_of_city_bus_stop__26.12.2018.pdf,Khmer,0104000020887F0000010000000101000000A0C58FBED6ED1D416B0DE73D48803341
305,bus_line_4_no_29,914,29,វត្តព្រះពុទ្ធមានបុណ្យ,ខ្សែរថយន្តក្រុងទី ៤,Brochure_of_city_bus_stop__26.12.2018.pdf,Khmer,0104000020887F0000010000000101000000AEC800B527EE1D41CB28229184803341
306,bus_line_4_no_30,918,30,ផ្សារស៊ីធីម៉ល,ខ្សែរថយន្តក្រុងទី ៤,Brochure_of_city_bus_stop__26.12.2018.pdf,Khmer,0104000020887F000001000000010100000028E58AE9B9E91D4143CE1C2E097F3341
307,bus_line_4_no_31,920,31,ផ្សារស៊ីធីម៉ល,ខ្សែរថយន្តក្រុងទី ៤,Brochure_of_city_bus_stop__26.12.2018.pdf,Khmer,0104000020887F00000100000001010000009530037042EA1D4196E5E0F1487F3341
308,bus_line_4_no_32,922,32,សាលាអន្តរជាតិប៊ែលធី,ខ្សែរថយន្តក្រុងទី ៤,Brochure_of_city_bus_stop__26.12.2018.pdf,Khmer,0104000020887F000001000000010100000005D90F5891E61D41162C2598447E3341
309,bus_line_4_no_33,924,33,សាលាអន្តរជាតិប៊ែលធី,ខ្សែរថយន្តក្រុងទី ៤,Brochure_of_city_bus_stop__26.12.2018.pdf,Khmer,0104000020887F00000100000001010000003D3F6CABCBE71D4154D39956B17E3341
310,bus_line_4_no_34,926,34,សាលាអន្តរជាតិអូឡាំពិក,ខ្សែរថយន្តក្រុងទី ៤,Brochure_of_city_bus_stop__26.12.2018.pdf,Khmer,0104000020887F000001000000010100000066DCA46F3DE21D414FB929D22E7D3341
311,bus_line_4_no_35,928,35,សាលាអន្តរជាតិអូឡាំពិក,ខ្សែរថយន្តក្រុងទី ៤,Brochure_of_city_bus_stop__26.12.2018.pdf,Khmer,0104000020887F0000010000000101000000B8C7A28F2DE21D412CCCC7F3507D3341
312,bus_line_4_no_37,932,36,សាលមហោស្របចេនឡា,ខ្សែរថយន្តក្រុងទី ៤,Brochure_of_city_bus_stop__26.12.2018.pdf,Khmer,0104000020887F0000010000000101000000F1B206C8EADE1D41F989C75E877C3341
313,bus_line_4_no_36,930,37,សាលមហោស្របចេនឡា,ខ្សែរថយន្តក្រុងទី ៤,Brochure_of_city_bus_stop__26.12.2018.pdf,Khmer,0104000020887F00000100000001010000000BCD33DDB7DD1D417752B848137C3341
314,bus_line_4_no_38,934,38,ស្ពានអាកាសស្ទឹងមានជ័យ,ខ្សែរថយន្តក្រុងទី ៤,Brochure_of_city_bus_stop__26.12.2018.pdf,Khmer,0104000020887F0000010000000101000000AA2AC88C27D91D4132702795FA7A3341
315,bus_line_4_no_39,936,39,ស្ពានអាកាសស្ទឹងមានជ័យ,ខ្សែរថយន្តក្រុងទី ៤,Brochure_of_city_bus_stop__26.12.2018.pdf,Khmer,0104000020887F00000100000001010000003CD71100D3D91D41D37D997B537B3341
316,bus_line_4_no_40,940,40,សាលាបឋមសិក្សាស្ទឹងមានជ័យ,ខ្សែរថយន្តក្រុងទី ៤,Brochure_of_city_bus_stop__26.12.2018.pdf,Khmer,0104000020887F0000010000000101000000D13EF93999D31D41C133B0D3A9793341
317,bus_line_4_no_41,942,41,សាលាបឋមសិក្សាស្ទឹងមានជ័យ,ខ្សែរថយន្តក្រុងទី ៤,Brochure_of_city_bus_stop__26.12.2018.pdf,Khmer,0104000020887F0000010000000101000000D70E138DD7D21D4133D17A2899793341
318,bus_line_4_no_42,944,42,សកលវិទ្យាល័យឯកទេសនៃកម្ពុជា,ខ្សែរថយន្តក្រុងទី ៤,Brochure_of_city_bus_stop__26.12.2018.pdf,Khmer,0104000020887F0000010000000101000000E4225B6C28D11D416347233002793341
319,bus_line_4_no_43,946,43,សកលវិទ្យាល័យឯកទេសនៃកម្ពុជា,ខ្សែរថយន្តក្រុងទី ៤,Brochure_of_city_bus_stop__26.12.2018.pdf,Khmer,0104000020887F000001000000010100000060D9F5B6AED01D41656BCF6E0D793341
320,bus_line_4_no_45,950,45,វត្តនន្ទមុនី,ខ្សែរថយន្តក្រុងទី ៤,Brochure_of_city_bus_stop__26.12.2018.pdf,Khmer,0104000020887F0000010000000101000000AE7A26C06AC51D41FB36C11316763341
321,bus_line_4_no_44,948,44,វត្តនន្ទមុនី,ខ្សែរថយន្តក្រុងទី ៤,Brochure_of_city_bus_stop__26.12.2018.pdf,Khmer,0104000020887F00000100000001010000005A03F03A56C61D417B37702637763341
322,bus_line_4c_no_48,1084,48,បុរីប៉េងហួត,ខ្សែរថយន្តក្រុងទី ៤ C,Brochure_of_city_bus_stop__26.12.2018.pdf,Khmer,0104000020887F00000100000001010000000660225F8CC21D418E6227A659743341
323,bus_line_4c_no_49,1086,49,បុរីប៉េងហួត,ខ្សែរថយន្តក្រុងទី ៤ C,Brochure_of_city_bus_stop__26.12.2018.pdf,Khmer,0104000020887F000001000000010100000040E83BC14AC21D41DA2059894E743341
324,bus_line_4c_no_50,1088,50,សាលាសង្កាត់់ស្ទឹងមានជ័យ២,ខ្សែរថយន្តក្រុងទី ៤ C,Brochure_of_city_bus_stop__26.12.2018.pdf,Khmer,0104000020887F0000010000000101000000D738571D15C41D4148A387F39E723341
325,bus_line_4c_no_51,1090,51,សាលាសង្កាត់់ស្ទឹងមានជ័យ២,ខ្សែរថយន្តក្រុងទី ៤ C,Brochure_of_city_bus_stop__26.12.2018.pdf,Khmer,0104000020887F0000010000000101000000260E047CBDC31D4127972245A9723341
326,bus_line_4c_no_52,1092,52,ពិភពសំណង់,ខ្សែរថយន្តក្រុងទី ៤ C,Brochure_of_city_bus_stop__26.12.2018.pdf,Khmer,0104000020887F0000010000000101000000E595501C27C51D41939E544037713341
327,bus_line_4c_no_53,1094,53,ពិភពសំណង់,ខ្សែរថយន្តក្រុងទី ៤ C,Brochure_of_city_bus_stop__26.12.2018.pdf,Khmer,0104000020887F000001000000010100000015D29A71D2C41D415EE8107C3B713341
328,bus_line_4c_no_54,1096,54,បុរីហុកឆេង,ខ្សែរថយន្តក្រុងទី ៤ C,Brochure_of_city_bus_stop__26.12.2018.pdf,Khmer,0104000020887F000001000000010100000021535845B0C51D41E267CAE9B0703341
329,bus_line_4c_no_55,1098,55,បុរីហុកឆេង,ខ្សែរថយន្តក្រុងទី ៤ C,Brochure_of_city_bus_stop__26.12.2018.pdf,Khmer,0104000020887F0000010000000101000000CD0476678EC51D4158BCDE9B47703341
330,bus_line_4c_no_56,1100,56,វត្តសំបួរមាស,ខ្សែរថយន្តក្រុងទី ៤ C,Brochure_of_city_bus_stop__26.12.2018.pdf,Khmer,0104000020887F0000010000000101000000DDF1FD7244C71D4110335EA9136E3341
331,bus_line_4c_no_57,1102,57,វត្តសំបួរមាស,ខ្សែរថយន្តក្រុងទី ៤ C,Brochure_of_city_bus_stop__26.12.2018.pdf,Khmer,0104000020887F00000100000001010000007D36E6FF15C81D4124C15259BC6D3341
332,bus_line_4c_no_58,1104,58,បុរីពិភពថ្មី ចំការដូង,ខ្សែរថយន្តក្រុងទី ៤ C,Brochure_of_city_bus_stop__26.12.2018.pdf,Khmer,0104000020887F000001000000010100000009949F888AC91D41FAAFBF63E56B3341
333,bus_line_4c_no_59,1106,59,បុរីពិភពថ្មី ចំការដូង,ខ្សែរថយន្តក្រុងទី ៤ C,Brochure_of_city_bus_stop__26.12.2018.pdf,Khmer,0104000020887F0000010000000101000000C11793482BC91D416A05323BBE6B3341
334,bus_line_4c_no_60,1108,60,បឋម-អនុវិទ្យាល័យដង្កោល,ខ្សែរថយន្តក្រុងទី ៤ C,Brochure_of_city_bus_stop__26.12.2018.pdf,Khmer,0104000020887F0000010000000101000000D581FA48C9CA1D41C97E90373D6A3341
335,bus_line_4c_no_61,1110,61,បឋម-អនុវិទ្យាល័យដង្កោល,ខ្សែរថយន្តក្រុងទី ៤ C,Brochure_of_city_bus_stop__26.12.2018.pdf,Khmer,0104000020887F0000010000000101000000D8E00FEB67CA1D41576CA1283C6A3341
336,bus_line_4c_no_62,1112,62,សាលាសង្កាត់ដង្កោល,ខ្សែរថយន្តក្រុងទី ៤ C,Brochure_of_city_bus_stop__26.12.2018.pdf,Khmer,0104000020887F0000010000000101000000E825E1CE78CC1D412B1D6D4049683341
337,bus_line_4c_no_63,1114,63,សាលាសង្កាត់ដង្កោល,ខ្សែរថយន្តក្រុងទី ៤ C,Brochure_of_city_bus_stop__26.12.2018.pdf,Khmer,0104000020887F0000010000000101000000B482E39F08CC1D413F60F00821683341
338,bus_line_4c_no_64,1116,64,វិទ្យាល័យទួលអំពិល,ខ្សែរថយន្តក្រុងទី ៤ C,Brochure_of_city_bus_stop__26.12.2018.pdf,Khmer,0104000020887F00000100000001010000001F8AFE4AF5CD1D41197C8212EC653341
339,bus_line_4c_no_65,1118,65,វិទ្យាល័យទួលអំពិល,ខ្សែរថយន្តក្រុងទី ៤ C,Brochure_of_city_bus_stop__26.12.2018.pdf,Khmer,0104000020887F000001000000010100000016C6998D7FCD1D41E20D8128E1653341
340,bus_line_4c_no_66,1120,66,វត្តជើងឯក,ខ្សែរថយន្តក្រុងទី ៤ C,Brochure_of_city_bus_stop__26.12.2018.pdf,Khmer,0104000020887F000001000000010100000042B4233322CF1D410F7A3973DD633341
341,bus_line_4c_no_67,1122,67,វត្តជើងឯក,ខ្សែរថយន្តក្រុងទី ៤ C,Brochure_of_city_bus_stop__26.12.2018.pdf,Khmer,0104000020887F000001000000010100000075E50E7383CE1D4105C291F0F3633341
342,bus_line_4c_no_68,1124,68,សាលាសង្កាត់ជើងឯក,ខ្សែរថយន្តក្រុងទី ៤ C,Brochure_of_city_bus_stop__26.12.2018.pdf,Khmer,0104000020887F0000010000000101000000A764A28C66D21D410CCAC817FB5E3341
343,bus_line_4c_no_69,1126,69,សាលាសង្កាត់ជើងឯក,ខ្សែរថយន្តក្រុងទី ៤ C,Brochure_of_city_bus_stop__26.12.2018.pdf,Khmer,0104000020887F0000010000000101000000F0E4CDCF2BD21D418867936CEA5E3341
344,bus_line_4c_no_70,1128,70,ការ៉ាសាំងតេលា (ផ្លូវបំបែកបាគូ),ខ្សែរថយន្តក្រុងទី ៤ C,Brochure_of_city_bus_stop__26.12.2018.pdf,Khmer,0104000020887F000001000000010100000081D5DCDB3DCC1D41ACD658C6225B3341
345,bus_line_4c_no_71,1130,71,ការ៉ាសាំងតេលា (ផ្លូវបំបែកបាគូ),ខ្សែរថយន្តក្រុងទី ៤ C,Brochure_of_city_bus_stop__26.12.2018.pdf,Khmer,0104000020887F00000100000001010000002106719514CC1D4151607F60445B3341
346,bus_line_4c_no_72,1132,72,ស្ទឹងព្រែកជ្រៃ,ខ្សែរថយន្តក្រុងទី ៤ C,Brochure_of_city_bus_stop__26.12.2018.pdf,Khmer,0104000020887F0000010000000101000000263A9A6602CB1D41F6AB5D31AC593341
347,bus_line_4c_no_73,1134,73,ស្ទឹងព្រែកជ្រៃ,ខ្សែរថយន្តក្រុងទី ៤ C,Brochure_of_city_bus_stop__26.12.2018.pdf,Khmer,0104000020887F00000100000001010000001BE94D3147CB1D415F695D35AA593341
348,bus_line_4c_no_74,1136,74,រោងចក្រ Y.W,ខ្សែរថយន្តក្រុងទី ៤ C,Brochure_of_city_bus_stop__26.12.2018.pdf,Khmer,0104000020887F0000010000000101000000FF31808185C91D41AC9B61F8E3553341
349,bus_line_4c_no_75,1138,75,រោងចក្រ Y.W,ខ្សែរថយន្តក្រុងទី ៤ C,Brochure_of_city_bus_stop__26.12.2018.pdf,Khmer,0104000020887F00000100000001010000003A47D9E71FC91D413A8972E9E2553341
350,bus_line_4c_no_76,1140,76,ភូមិគោកឪឡឹក,ខ្សែរថយន្តក្រុងទី ៤ C,Brochure_of_city_bus_stop__26.12.2018.pdf,Khmer,0104000020887F0000010000000101000000841713F626C91D4190725FABA3543341
351,bus_line_4c_no_77,1142,77,ភូមិគោកឪឡឹក,ខ្សែរថយន្តក្រុងទី ៤ C,Brochure_of_city_bus_stop__26.12.2018.pdf,Khmer,0104000020887F0000010000000101000000E0535D4BD2C81D415D35B730B6543341
352,bus_line_4c_no_78,1144,78,ហាងនំប័ុ័ងមានជ័យ,ខ្សែរថយន្តក្រុងទី ៤ C,Brochure_of_city_bus_stop__26.12.2018.pdf,Khmer,0104000020887F0000010000000101000000F0136F9A29C41D41CB00564E824F3341
353,bus_line_4c_no_79,1146,79,ហាងនំប័ុ័ងមានជ័យ,ខ្សែរថយន្តក្រុងទី ៤ C,Brochure_of_city_bus_stop__26.12.2018.pdf,Khmer,0104000020887F00000100000001010000008433C9F0CBC31D41BA208BFD904F3341
354,bus_line_4c_no_80,1148,80,KTV ពេញចិត្តកួរស្រូវ,ខ្សែរថយន្តក្រុងទី ៤ C,Brochure_of_city_bus_stop__26.12.2018.pdf,Khmer,0104000020887F0000010000000101000000186F31CE97C11D41DC0833F63F4E3341
355,bus_line_4c_no_81,1150,81,KTV ពេញចិត្តកួរស្រូវ,ខ្សែរថយន្តក្រុងទី ៤ C,Brochure_of_city_bus_stop__26.12.2018.pdf,Khmer,0104000020887F0000010000000101000000642F6FE3E3C01D41088E33EE434E3341
356,bus_line_4c_no_82,1152,82,រង្វង់់មូលគួរស្រូវ,ខ្សែរថយន្តក្រុងទី ៤ C,Brochure_of_city_bus_stop__26.12.2018.pdf,Khmer,0104000020887F0000010000000101000000005DCA7737C01D41D55B538C844D3341
357,bus_line_4_no_47,954,47,ព្រះវិហារយេស៊ូរគ្រីស្ទ(ច្រមុះជ្រូកស្ទឹងមានជ័យ),ខ្សែរថយន្តក្រុងទី ៤,Brochure_of_city_bus_stop__26.12.2018.pdf,Khmer,0104000020887F00000100000001010000004BEECF49E7BD1D41CFE5BDA6D3743341
358,bus_line_4_no_46,952,46,ព្រះវិហារយេស៊ូរគ្រីស្ទ(ច្រមុះជ្រូកស្ទឹងមានជ័យ),ខ្សែរថយន្តក្រុងទី ៤,Brochure_of_city_bus_stop__26.12.2018.pdf,Khmer,0104000020887F0000010000000101000000467DD360C2BE1D41CDBCAADEC6743341
359,bus_line_4_no_48,956,48,បុរី ប៉េងហួតស្ទឹងមានជ័យ,ខ្សែរថយន្តក្រុងទី ៤,Brochure_of_city_bus_stop__26.12.2018.pdf,Khmer,0104000020887F00000100000001010000004302B7D6DBBA1D4107037357A4743341
360,bus_line_4_no_49,958,49,បុរី ប៉េងហួតស្ទឹងមានជ័យ,ខ្សែរថយន្តក្រុងទី ៤,Brochure_of_city_bus_stop__26.12.2018.pdf,Khmer,0104000020887F0000010000000101000000F04385F3E6BA1D41E09C752FB8743341
361,bus_line_4_no_50,962,50,ផ្សារឯករាជ្យIII,ខ្សែរថយន្តក្រុងទី ៤,Brochure_of_city_bus_stop__26.12.2018.pdf,Khmer,0104000020887F0000010000000101000000DE93982ADFB21D41ECE259E25C743341
362,bus_line_4_no_51,964,51,ផ្សារឯករាជ្យIII,ខ្សែរថយន្តក្រុងទី ៤,Brochure_of_city_bus_stop__26.12.2018.pdf,Khmer,0104000020887F0000010000000101000000B588391595B21D415ABF5CB672743341
363,bus_line_4_no_52,966,52,ធានាគារវឌ្ឍនៈ,ខ្សែរថយន្តក្រុងទី ៤,Brochure_of_city_bus_stop__26.12.2018.pdf,Khmer,0104000020887F00000100000001010000004BBC6A4BE0A91D413673CF420D743341
364,bus_line_4_no_53,968,53,ធានាគារវឌ្ឍនៈ,ខ្សែរថយន្តក្រុងទី ៤,Brochure_of_city_bus_stop__26.12.2018.pdf,Khmer,0104000020887F00000100000001010000000D41BC30C3A91D413D807C731F743341
365,bus_line_4_no_54,970,54,ផ្សារកាណាឌីយ៉ា,ខ្សែរថយន្តក្រុងទី ៤,Brochure_of_city_bus_stop__26.12.2018.pdf,Khmer,0104000020887F0000010000000101000000E705F421E59D1D41C0DF9FB3A6733341
366,bus_line_4_no_55,972,55,ផ្សារកាណាឌីយ៉ា,ខ្សែរថយន្តក្រុងទី ៤,Brochure_of_city_bus_stop__26.12.2018.pdf,Khmer,0104000020887F0000010000000101000000009546F7CF9D1D41E7884CEAB5733341
367,bus_line_4_no_56,974,56,អាងទឹកកាណាឌីយ៉ា,ខ្សែរថយន្តក្រុងទី ៤,Brochure_of_city_bus_stop__26.12.2018.pdf,Khmer,0104000020887F0000010000000101000000A70D076857971D41237A0FB56A733341
368,bus_line_4_no_57,976,57,អាងទឹកកាណាឌីយ៉ា,ខ្សែរថយន្តក្រុងទី ៤,Brochure_of_city_bus_stop__26.12.2018.pdf,Khmer,0104000020887F0000010000000101000000F1BAFEE717971D41FC13128D7E733341
369,bus_line_4a_no_58,1054,58,រោងចក្រខូលីធីតេក្សស្ទីល,ខ្សែរថយន្តក្រុងទី ៤ A,Brochure_of_city_bus_stop__26.12.2018.pdf,Khmer,0104000020887F0000010000000101000000438BFA2A72941D414D2FE29867723341
370,bus_line_4a_no_59,1056,59,រោងចក្រខូលីធីតេក្សស្ទីល,ខ្សែរថយន្តក្រុងទី ៤ A,Brochure_of_city_bus_stop__26.12.2018.pdf,Khmer,0104000020887F0000010000000101000000A913148D30941D4105FC8BFB60723341
371,bus_line_4a_no_60,1058,60,ផ្សារទួលពង្រ,ខ្សែរថយន្តក្រុងទី ៤ A,Brochure_of_city_bus_stop__26.12.2018.pdf,Khmer,0104000020887F0000010000000101000000AE7BD49E58951D41A1DCC355436F3341
372,bus_line_4a_no_61,1060,61,ផ្សារទួលពង្រ,ខ្សែរថយន្តក្រុងទី ៤ A,Brochure_of_city_bus_stop__26.12.2018.pdf,Khmer,0104000020887F000001000000010100000022AFD2AFC8941D410EFD7BD1276F3341
373,bus_line_4a_no_62,1062,62,បុរី SJSI,ខ្សែរថយន្តក្រុងទី ៤ A,Brochure_of_city_bus_stop__26.12.2018.pdf,Khmer,0104000020887F00000100000001010000003AD4B76C82951D4128925654316D3341
374,bus_line_4a_no_63,1064,63,បុរី SJSI,ខ្សែរថយន្តក្រុងទី ៤ A,Brochure_of_city_bus_stop__26.12.2018.pdf,Khmer,0104000020887F000001000000010100000011C9585738951D41159CA831186D3341
375,bus_line_4a_no_64,1066,64,វត្តកំពែង,ខ្សែរថយន្តក្រុងទី ៤ A,Brochure_of_city_bus_stop__26.12.2018.pdf,Khmer,0104000020887F0000010000000101000000CA89FC5667941D41BC6523AFE9693341
376,bus_line_4a_no_65,1068,65,វត្តកំពែង,ខ្សែរថយន្តក្រុងទី ៤ A,Brochure_of_city_bus_stop__26.12.2018.pdf,Khmer,0104000020887F00000100000001010000007AE53A3820941D411C05B16DDC693341
377,bus_line_4a_no_66,1070,66,វត្តព្រះធម្មត្រ័យ,ខ្សែរថយន្តក្រុងទី ៤ A,Brochure_of_city_bus_stop__26.12.2018.pdf,Khmer,0104000020887F0000010000000101000000126C65EA1E911D41149B5958D9663341
378,bus_line_4a_no_67,1072,67,វត្តព្រះធម្មត្រ័យ,ខ្សែរថយន្តក្រុងទី ៤ A,Brochure_of_city_bus_stop__26.12.2018.pdf,Khmer,0104000020887F00000100000001010000006557630A0F911D412B6D5B3CE7663341
379,bus_line_4a_no_69,1076,69,រោងចក្រជេនេរ៉ល,ខ្សែរថយន្តក្រុងទី ៤ A,Brochure_of_city_bus_stop__26.12.2018.pdf,Khmer,0104000020887F00000100000001010000004C063011D8761D41F609F61CE4663341
380,bus_line_4a_no_68,1074,68,រោងចក្រជេនេរ៉ល,ខ្សែរថយន្តក្រុងទី ៤ A,Brochure_of_city_bus_stop__26.12.2018.pdf,Khmer,0104000020887F000001000000010100000049BA6004C5761D4176689E95D2663341
381,bus_line_4a_no_70,1078,70,ចំណតរថយន្ត បុរីសន្តិភាព II,ខ្សែរថយន្តក្រុងទី ៤ A,Brochure_of_city_bus_stop__26.12.2018.pdf,Khmer,0104000020887F0000010000000101000000E6F6BF96F9651D41C28997BCCB663341
382,bus_line_4_no_59,980,58,បុរីពិភពថ្មី ផ្សារត្រពាំងថ្លឹង,ខ្សែរថយន្តក្រុងទី ៤,Brochure_of_city_bus_stop__26.12.2018.pdf,Khmer,0104000020887F0000010000000101000000C2328DB12A911D41162951794A733341
383,bus_line_4_no_58,978,59,បុរីពិភពថ្មី ផ្សារត្រពាំងថ្លឹង,ខ្សែរថយន្តក្រុងទី ៤,Brochure_of_city_bus_stop__26.12.2018.pdf,Khmer,0104000020887F0000010000000101000000E620F528B4901D4182A3A16E25733341
384,bus_line_4_no_60,984,60,រោងចក្រ៦ជាន់,ខ្សែរថយន្តក្រុងទី ៤,Brochure_of_city_bus_stop__26.12.2018.pdf,Khmer,0104000020887F00000100000001010000008356592B02871D413B0A70D7DA723341
385,bus_line_4_no_61,986,61,រោងចក្រ៦ជាន់,ខ្សែរថយន្តក្រុងទី ៤,Brochure_of_city_bus_stop__26.12.2018.pdf,Khmer,0104000020887F000001000000010100000092013EDAB3861D41CC4350D5EC723341
386,bus_line_4_no_62,988,62,ផ្សារកាណាស៊ីធី (មុខរោងចក្រហុងដា),ខ្សែរថយន្តក្រុងទី ៤,Brochure_of_city_bus_stop__26.12.2018.pdf,Khmer,0104000020887F00000100000001010000000614B8DA517D1D41CC37A93D86723341
387,bus_line_4_no_63,990,63,ផ្សារកាណាស៊ីធី (មុខរោងចក្រហុងដា),ខ្សែរថយន្តក្រុងទី ៤,Brochure_of_city_bus_stop__26.12.2018.pdf,Khmer,0104000020887F00000100000001010000002C001420847D1D41834702AFA2723341
388,bus_line_4_no_64,992,64,ភូមិជ្រៃកោង,ខ្សែរថយន្តក្រុងទី ៤,Brochure_of_city_bus_stop__26.12.2018.pdf,Khmer,0104000020887F000001000000010100000003A0AF9CE9731D41B6ADD39043723341
389,bus_line_4_no_65,994,65,ភូមិជ្រៃកោង,ខ្សែរថយន្តក្រុងទី ៤,Brochure_of_city_bus_stop__26.12.2018.pdf,Khmer,0104000020887F0000010000000101000000FA61A9FCB9731D412A237B172B723341
390,bus_line_4_no_66,996,66,អូរី ហ្វានែន (ទល់មុខផែស្ងួតសូងួន),ខ្សែរថយន្តក្រុងទី ៤,Brochure_of_city_bus_stop__26.12.2018.pdf,Khmer,0104000020887F0000010000000101000000108FEA184A6B1D418B31F58213733341
391,bus_line_4_no_67,998,67,អូរី ហ្វានែន (ទល់មុខផែស្ងួតសូងួន),ខ្សែរថយន្តក្រុងទី ៤,Brochure_of_city_bus_stop__26.12.2018.pdf,Khmer,0104000020887F000001000000010100000045EF9597646B1D41D4D520F137733341
392,bus_line_4_no_68,1000,68,ផ្សារចោមចៅ,ខ្សែរថយន្តក្រុងទី ៤,Brochure_of_city_bus_stop__26.12.2018.pdf,Khmer,0104000020887F0000010000000101000000260922D01E641D414AB34B258A743341
393,bus_line_4_no_69,1002,69,ផ្សារចោមចៅ,ខ្សែរថយន្តក្រុងទី ៤,Brochure_of_city_bus_stop__26.12.2018.pdf,Khmer,0104000020887F000001000000010100000099C1786529641D4153F151C5B9743341
394,bus_line_4_no_72,1010,72,វិទ្យាល័យហ៊ុ៊នសែន ជម្ពូរវ័ន,ខ្សែរថយន្តក្រុងទី ៤,Brochure_of_city_bus_stop__26.12.2018.pdf,Khmer,0104000020887F00000100000001010000006A251A7463521D41F4649AB91A743341
395,bus_line_4_no_73,1012,73,វិទ្យាល័យហ៊ុ៊នសែន ជម្ពូរវ័ន,ខ្សែរថយន្តក្រុងទី ៤,Brochure_of_city_bus_stop__26.12.2018.pdf,Khmer,0104000020887F00000100000001010000008D6C14CC37521D4117209D8F2F743341
396,bus_line_4_no_70,1006,70,មន្ទីរពហុព្យាបាល និងសម្ភពចោមចៅ,ខ្សែរថយន្តក្រុងទី ៤,Brochure_of_city_bus_stop__26.12.2018.pdf,Khmer,0104000020887F00000100000001010000000E81F929035D1D41A3E0D00C8E743341
397,bus_line_4_no_71,1008,71,មន្ទីរពហុព្យាបាល និងសម្ភពចោមចៅ,ខ្សែរថយន្តក្រុងទី ៤,Brochure_of_city_bus_stop__26.12.2018.pdf,Khmer,0104000020887F0000010000000101000000F34B3FCE0E5D1D4151C806B0A2743341
398,bus_line_4_no_74,1014,74,ផែស្ងួតតិចស្រុន,ខ្សែរថយន្តក្រុងទី ៤,Brochure_of_city_bus_stop__26.12.2018.pdf,Khmer,0104000020887F00000100000001010000003C98040322471D414CC26DABA2733341
399,bus_line_4_no_75,1016,75,ផែស្ងួតតិចស្រុន,ខ្សែរថយន្តក្រុងទី ៤,Brochure_of_city_bus_stop__26.12.2018.pdf,Khmer,0104000020887F0000010000000101000000AF505B982C471D4103D2C61CBF733341
400,bus_line_4_no_76,1018,76,មូលដ្ឋានស្ថាបនាថ្នល់,ខ្សែរថយន្តក្រុងទី ៤,Brochure_of_city_bus_stop__26.12.2018.pdf,Khmer,0104000020887F00000100000001010000008A17B51EA03C1D417647F9BC30733341
401,bus_line_4_no_77,1020,77,មូលដ្ឋានស្ថាបនាថ្នល់,ខ្សែរថយន្តក្រុងទី ៤,Brochure_of_city_bus_stop__26.12.2018.pdf,Khmer,0104000020887F0000010000000101000000F7376D9A843C1D41092741414C733341
402,bus_line_4_no_78,1022,78,សាលាបឋមសិក្សាអូដឹម,ខ្សែរថយន្តក្រុងទី ៤,Brochure_of_city_bus_stop__26.12.2018.pdf,Khmer,0104000020887F0000010000000101000000BDDFD93313351D411BA1B6DDBA723341
403,bus_line_4_no_79,1024,79,សាលាបឋមសិក្សាអូដឹម,ខ្សែរថយន្តក្រុងទី ៤,Brochure_of_city_bus_stop__26.12.2018.pdf,Khmer,0104000020887F0000010000000101000000B71A6FDDF1341D4109941F50CE723341
404,bus_line_4_no_80,1028,80,បុរីញូថោនអូដឹម,ខ្សែរថយន្តក្រុងទី ៤,Brochure_of_city_bus_stop__26.12.2018.pdf,Khmer,0104000020887F00000100000001010000008FF374BA6A2E1D41AF5EC5A7BA713341
405,bus_line_4_no_81,1030,81,បុរីញូថោនអូដឹម,ខ្សែរថយន្តក្រុងទី ៤,Brochure_of_city_bus_stop__26.12.2018.pdf,Khmer,0104000020887F0000010000000101000000B4B410F5F82D1D41A5A61D25D1713341
406,bus_line_4_no_82,1032,82,សាលាក្តីខ្មែរក្រហម,ខ្សែរថយន្តក្រុងទី ៤,Brochure_of_city_bus_stop__26.12.2018.pdf,Khmer,0104000020887F00000100000001010000007578B7E08C231D4188F2D3206A703341
407,bus_line_4_no_83,1034,83,សាលាក្តីខ្មែរក្រហម,ខ្សែរថយន្តក្រុងទី ៤,Brochure_of_city_bus_stop__26.12.2018.pdf,Khmer,0104000020887F0000010000000101000000AAB997FE65231D41E9D7E64581703341
408,bus_line_4_no_84,1036,84,សាលាបឋមសិក្សា ក​ន្ទោក,ខ្សែរថយន្តក្រុងទី ៤,Brochure_of_city_bus_stop__26.12.2018.pdf,Khmer,0104000020887F00000100000001010000004003CEAAE5191D41334F2D23BE6F3341
409,bus_line_4_no_85,1038,85,សាលាបឋមសិក្សា ក​ន្ទោក,ខ្សែរថយន្តក្រុងទី ៤,Brochure_of_city_bus_stop__26.12.2018.pdf,Khmer,0104000020887F00000100000001010000003CE4CADACD191D414F4032D7E36F3341
410,bus_line_4_no_88,1040,88,រោងចក្រកាត់ដេរ គ្លូរី,ខ្សែរថយន្តក្រុងទី ៤,Brochure_of_city_bus_stop__26.12.2018.pdf,Khmer,0104000020887F0000010000000101000000F28825C95BF61C417C23E3BC426C3341
411,bus_line_4_no_89,1042,89,រោងចក្រកាត់ដេរ គ្លូរី,ខ្សែរថយន្តក្រុងទី ៤,Brochure_of_city_bus_stop__26.12.2018.pdf,Khmer,0104000020887F00000100000001010000000E6447AB59F61C4194DF01CF286C3341
412,bus_line_4_no_90,1046,90,មន្ទីរពេទ្យបង្អែក អង្គស្នួល,ខ្សែរថយន្តក្រុងទី ៤,Brochure_of_city_bus_stop__26.12.2018.pdf,Khmer,0104000020887F0000010000000101000000614B48B6BAE91C41F5EA82D27E6B3341
413,bus_line_4_no_91,1048,91,មន្ទីរពេទ្យបង្អែក អង្គស្នួល,ខ្សែរថយន្តក្រុងទី ៤,Brochure_of_city_bus_stop__26.12.2018.pdf,Khmer,0104000020887F0000010000000101000000457026D4BCE91C41DD2E64C0986B3341
414,bus_line_4_no_92,1050,92,ខារ៉ាអូខេ ហ្គោលឌិនសោន,ខ្សែរថយន្តក្រុងទី ៤,Brochure_of_city_bus_stop__26.12.2018.pdf,Khmer,0104000020887F000001000000010100000064D9AB0106CD1C419DF3B7C7076A3341
415,bus_line_4_no_93,1052,93,ខារ៉ាអូខេ ហ្គោលឌិនសោន,ខ្សែរថយន្តក្រុងទី ៤,Brochure_of_city_bus_stop__26.12.2018.pdf,Khmer,0104000020887F0000010000000101000000E0CF083740CD1C4115CB112D2A6A3341
416,bus_line_5_no_1,1154,1,ស្ថានីយ៍ចំណតរថយន្តក្រុងព្រែកព្នៅ,ខ្សែរថយន្តក្រុងទី ៥ A,Brochure_of_city_bus_stop__26.12.2018.pdf,Khmer,0104000020887F00000100000001010000008DB2F4A59FA41D4152C6CF082CAF3341
417,bus_line_5_no_2,1176,2,ស្ពានព្រែកព្នៅ (ត្រើយខាងកើត),ខ្សែរថយន្តក្រុងទី ៦,Brochure_of_city_bus_stop__26.12.2018.pdf,Khmer,0104000020887F0000010000000101000000342166B3BEB11D41E4BB2CED4EAD3341
418,bus_line_5_no_3,1198,3,ស្ពានព្រែកព្នៅ (ត្រើយខាងកើត),ខ្សែរថយន្តក្រុងទី ៦,Brochure_of_city_bus_stop__26.12.2018.pdf,Khmer,0104000020887F0000010000000101000000921A6A87F7B21D4121945DB9CBAD3341
419,bus_line_5_no_4,1220,4,ស្ពានព្រែកព្នៅ (ត្រើយខាងលិច),ខ្សែរថយន្តក្រុងទី ៥ A,Brochure_of_city_bus_stop__26.12.2018.pdf,Khmer,0104000020887F00000100000001010000005DE994DDD9971D41EDA9153EEDA73341
420,bus_line_5_no_5,1242,5,ស្ពានព្រែកព្នៅ (ត្រើយខាងលិច),ខ្សែរថយន្តក្រុងទី ៥ A,Brochure_of_city_bus_stop__26.12.2018.pdf,Khmer,0104000020887F00000100000001010000004D1A2A7A63971D411CD3CFF6FBA73341
421,bus_line_5_no_7,1286,7,អ័រគីដេ KTV,ខ្សែរថយន្តក្រុងទី ៥ A,Brochure_of_city_bus_stop__26.12.2018.pdf,Khmer,0104000020887F00000100000001010000000F17C90F28931D410920D60038A73341
422,bus_line_5_no_6,1264,6,អ័រគីដេ KTV,ខ្សែរថយន្តក្រុងទី ៥ A,Brochure_of_city_bus_stop__26.12.2018.pdf,Khmer,0104000020887F0000010000000101000000383243B48A931D41564DA36124A73341
423,bus_line_5_no_8,1298,8,សាលារៀន ប្រ៊ីជតុន,ខ្សែរថយន្តក្រុងទី ៥ A,Brochure_of_city_bus_stop__26.12.2018.pdf,Khmer,0104000020887F0000010000000101000000C1DF7B76828E1D41B01A0CC649A63341
424,bus_line_5_no_9,1300,9,សាលារៀន ប្រ៊ីជតុន,ខ្សែរថយន្តក្រុងទី ៥ A,Brochure_of_city_bus_stop__26.12.2018.pdf,Khmer,0104000020887F0000010000000101000000A7E2CF67188E1D41278FEFA756A63341
425,bus_line_5_no_10,1156,10,សាកលវិទ្យាល័យ វិទ្យាសាស្រ្តសុខាភិបាលកប់ស្រូវ,ខ្សែរថយន្តក្រុងទី ៥ A,Brochure_of_city_bus_stop__26.12.2018.pdf,Khmer,0104000020887F0000010000000101000000FF66C4954B8A1D41D11E69B6D4A43341
426,bus_line_5_no_11,1158,11,សាកលវិទ្យាល័យ វិទ្យាសាស្រ្តសុខាភិបាលកប់ស្រូវ,ខ្សែរថយន្តក្រុងទី ៥ A,Brochure_of_city_bus_stop__26.12.2018.pdf,Khmer,0104000020887F0000010000000101000000ED6BBE15248A1D41697C3FD9C7A43341
427,bus_line_5_no_12,1160,12,វត្តសុវណ្ណមុនីវង្ស,ខ្សែរថយន្តក្រុងទី ៥ A,Brochure_of_city_bus_stop__26.12.2018.pdf,Khmer,0104000020887F00000100000001010000008C50FBD5B38C1D41FBEA255F7CA13341
428,bus_line_5_no_13,1162,13,វត្តសុវណ្ណមុនីវង្ស,ខ្សែរថយន្តក្រុងទី ៥ A,Brochure_of_city_bus_stop__26.12.2018.pdf,Khmer,0104000020887F0000010000000101000000363A8793708C1D41D25795FA6DA13341
429,bus_line_5_no_14,1164,14,វិទ្យាស្ថានអេស៊ីលីដា,ខ្សែរថយន្តក្រុងទី ៥ A,Brochure_of_city_bus_stop__26.12.2018.pdf,Khmer,0104000020887F00000100000001010000002D9853D7528F1D41D63EFCD2CC9D3341
430,bus_line_5_no_15,1166,15,វិទ្យាស្ថានអេស៊ីលីដា,ខ្សែរថយន្តក្រុងទី ៥ A,Brochure_of_city_bus_stop__26.12.2018.pdf,Khmer,0104000020887F00000100000001010000000D6421180D8F1D41AA224264B59D3341
431,bus_line_5_no_16,1168,16,ហ្រេ្គនភ្នំពេញ,ខ្សែរថយន្តក្រុងទី ៥ A,Brochure_of_city_bus_stop__26.12.2018.pdf,Khmer,0104000020887F00000100000001010000007BB359D00B911D41E6003DEF509B3341
432,bus_line_5_no_17,1170,17,ហ្រេ្គនភ្នំពេញ,ខ្សែរថយន្តក្រុងទី ៥ A,Brochure_of_city_bus_stop__26.12.2018.pdf,Khmer,0104000020887F0000010000000101000000DA1246CAC1901D414EC6D4564E9B3341
433,bus_line_5_no_18,1172,18,ច្រកចូលមជ្ឈមណ្ឌលឱកាសខ្ញុំ,ខ្សែរថយន្តក្រុងទី ៥ A,Brochure_of_city_bus_stop__26.12.2018.pdf,Khmer,0104000020887F0000010000000101000000BE830095F09A1D4116DB75F505993341
434,bus_line_5_no_19,1174,19,ច្រកចូលមជ្ឈមណ្ឌលឱកាសខ្ញុំ,ខ្សែរថយន្តក្រុងទី ៥ A,Brochure_of_city_bus_stop__26.12.2018.pdf,Khmer,0104000020887F0000010000000101000000CC63763DAA9A1D41D6A42F04FA983341
435,bus_line_5_no_20,1178,20,រោងចក្របេតុង,ខ្សែរថយន្តក្រុងទី ៥ A,Brochure_of_city_bus_stop__26.12.2018.pdf,Khmer,0104000020887F00000100000001010000004625B25C7EA31D41429B0150C7973341
436,bus_line_5_no_21,1180,21,រោងចក្របេតុង,ខ្សែរថយន្តក្រុងទី ៥ A,Brochure_of_city_bus_stop__26.12.2018.pdf,Khmer,0104000020887F0000010000000101000000C05EF8D731A31D41D3C44EEDB6973341
437,bus_line_5_no_22,1182,22,សាលាបឋមសិក្សាឃ្មួញ,ខ្សែរថយន្តក្រុងទី ៥ A,Brochure_of_city_bus_stop__26.12.2018.pdf,Khmer,0104000020887F00000100000001010000004A79677D4CA71D41D23D6ACD6F953341
438,bus_line_5_no_23,1184,23,សាលាបឋមសិក្សាឃ្មួញ,ខ្សែរថយន្តក្រុងទី ៥ A,Brochure_of_city_bus_stop__26.12.2018.pdf,Khmer,0104000020887F0000010000000101000000E1EA93B003A71D41F0BA196069953341
439,bus_line_5_no_24,1186,24,រោងចក្រយូហូ,ខ្សែរថយន្តក្រុងទី ៥ A,Brochure_of_city_bus_stop__26.12.2018.pdf,Khmer,0104000020887F0000010000000101000000731F941697A61D4105597497B3923341
440,bus_line_5_no_25,1188,25,រោងចក្រយូហូ,ខ្សែរថយន្តក្រុងទី ៥ A,Brochure_of_city_bus_stop__26.12.2018.pdf,Khmer,0104000020887F0000010000000101000000B8FAA10D4DA61D41C4AE9878AD923341
441,bus_line_5_no_26,1190,26,បុរីសែនសុខ,ខ្សែរថយន្តក្រុងទី ៥ A,Brochure_of_city_bus_stop__26.12.2018.pdf,Khmer,0104000020887F00000100000001010000003785E8B855A61D412877BDA81D903341
442,bus_line_5_no_27,1192,27,បុរីសែនសុខ,ខ្សែរថយន្តក្រុងទី ៥ A,Brochure_of_city_bus_stop__26.12.2018.pdf,Khmer,0104000020887F0000010000000101000000941200DC68A51D41B7C12F7E27903341
443,bus_line_5_no_29,1196,29,បុរីជីបម៉ុង,ខ្សែរថយន្តក្រុងទី ៥ A,Brochure_of_city_bus_stop__26.12.2018.pdf,Khmer,0104000020887F00000100000001010000005E86EFE7A8AE1D41DC512EFB39903341
444,bus_line_5_no_28,1194,28,បុរីជីបម៉ុង,ខ្សែរថយន្តក្រុងទី ៥ A,Brochure_of_city_bus_stop__26.12.2018.pdf,Khmer,0104000020887F00000100000001010000008B609956C9AE1D4196A0C79947903341
445,bus_line_5_no_38,1216,38,កីឡដ្ឋានវេស្ទើន,ខ្សែរថយន្តក្រុងទី ៥ B,Brochure_of_city_bus_stop__26.12.2018.pdf,Khmer,0104000020887F00000100000001010000003BFC791A13BD1D4183595C2FD9883341
446,bus_line_5_no_39,1218,39,កីឡដ្ឋានវេស្ទើន,ខ្សែរថយន្តក្រុងទី ៥ B,Brochure_of_city_bus_stop__26.12.2018.pdf,Khmer,0104000020887F0000010000000101000000FAEDEC8A78BC1D4179F54803E0883341
447,bus_line_5_no_50,1244,50,សាលាតិចណូ,ខ្សែរថយន្តក្រុងទី ៥ B,Brochure_of_city_bus_stop__26.12.2018.pdf,Khmer,0104000020887F0000010000000101000000507C4393B4D91D41157CCD30BE843341
448,bus_line_5_no_52,1248,52,សាលាបឋមសិក្សាសន្ធរម៉ុក,ខ្សែរថយន្តក្រុងទី ៥ B,Brochure_of_city_bus_stop__26.12.2018.pdf,Khmer,0104000020887F000001000000010100000004120D502BDB1D41F8DE2D0081823341
449,bus_line_5_no_32,1204,32,បុរីពិភពថ្មីកាំកូស៊ីធី,ខ្សែរថយន្តក្រុងទី ៥ B,Brochure_of_city_bus_stop__26.12.2018.pdf,Khmer,0104000020887F00000100000001010000001352F77129BD1D41DB7142A54B8F3341
450,bus_line_5_no_33,1206,33,បុរីពិភពថ្មីកាំកូស៊ីធី,ខ្សែរថយន្តក្រុងទី ៥ B,Brochure_of_city_bus_stop__26.12.2018.pdf,Khmer,0104000020887F0000010000000101000000DA83D6A2E3BC1D41D2AEF2EF478F3341
451,bus_line_5_no_60,1266,60,វិទ្យាស្ថានវ៉ាន់ដា,ខ្សែរថយន្តក្រុងទី ៥ B,Brochure_of_city_bus_stop__26.12.2018.pdf,Khmer,0104000020887F0000010000000101000000D15ACFEFFFE71D417C927C19517A3341
452,bus_line_6_no_1,1302,1,រង្វង់់់មូលកួចកាណុង,ខ្សែរថយន្តក្រុងទី ៦,Brochure_of_city_bus_stop__26.12.2018.pdf,Khmer,0104000020887F00000100000001010000003495AEE32AF51D414352ED507B8A3341
453,bus_line_6_no_3,1346,3,សាលាបច្ចេកទេស ជេវីស៊ី,ខ្សែរថយន្តក្រុងទី ៦,Brochure_of_city_bus_stop__26.12.2018.pdf,Khmer,0104000020887F00000100000001010000002F97156E1C0B1E417A728065208D3341
454,bus_line_6_no_2,1324,2,សាលាបច្ចេកទេស ជេវីស៊ី,ខ្សែរថយន្តក្រុងទី ៦,Brochure_of_city_bus_stop__26.12.2018.pdf,Khmer,0104000020887F0000010000000101000000712DB213920A1E410D1F1913298D3341
455,bus_line_6_no_4,1368,4,ក្រុមហ៊ុ៊ុន អាធីឃើ,ខ្សែរថយន្តក្រុងទី ៦,Brochure_of_city_bus_stop__26.12.2018.pdf,Khmer,0104000020887F000001000000010100000058D609563D0E1E41ACFB4520BD8F3341
456,bus_line_6_no_5,1390,5,ក្រុមហ៊ុ៊ុន អាធីឃើ,ខ្សែរថយន្តក្រុងទី ៦,Brochure_of_city_bus_stop__26.12.2018.pdf,Khmer,0104000020887F00000100000001010000008CEA2F64C60E1E410043604A828F3341
457,bus_line_6_no_6,1406,6,វត្តកៀនឃ្លាំង,ខ្សែរថយន្តក្រុងទី ៦,Brochure_of_city_bus_stop__26.12.2018.pdf,Khmer,0104000020887F00000100000001010000001EE42ED0F60D1E41B974D0DBD7913341
458,bus_line_6_no_7,1408,7,វត្តកៀនឃ្លាំង,ខ្សែរថយន្តក្រុងទី ៦,Brochure_of_city_bus_stop__26.12.2018.pdf,Khmer,0104000020887F0000010000000101000000925F7885640E1E41B4BF8D98EC913341
459,bus_line_6_no_8,1410,8,សាលាអាស៊ី ប៉ាស៊ីហ្វិក,ខ្សែរថយន្តក្រុងទី ៦,Brochure_of_city_bus_stop__26.12.2018.pdf,Khmer,0104000020887F000001000000010100000077D68012AE0C1E416820A1D31E933341
460,bus_line_6_no_9,1412,9,សាលាអាស៊ី ប៉ាស៊ីហ្វិក,ខ្សែរថយន្តក្រុងទី ៦,Brochure_of_city_bus_stop__26.12.2018.pdf,Khmer,0104000020887F0000010000000101000000C41D6A8A1A0D1E4188F0CD4D3B933341
461,bus_line_6_no_10,1304,10,ភោជនីយដ្ឋានកាដូ,ខ្សែរថយន្តក្រុងទី ៦,Brochure_of_city_bus_stop__26.12.2018.pdf,Khmer,0104000020887F0000010000000101000000DE053C0C360B1E412925F97AAF943341
462,bus_line_6_no_11,1306,11,ភោជនីយដ្ឋានកាដូ,ខ្សែរថយន្តក្រុងទី ៦,Brochure_of_city_bus_stop__26.12.2018.pdf,Khmer,0104000020887F000001000000010100000025E85144A10B1E41F5978019CA943341
463,bus_line_6_no_12,1308,12,ក្រុមហ៊ុន VIVO,ខ្សែរថយន្តក្រុងទី ៦,Brochure_of_city_bus_stop__26.12.2018.pdf,Khmer,0104000020887F0000010000000101000000446C1B5E5A091E418E1958936E963341
464,bus_line_6_no_13,1310,13,ក្រុមហ៊ុន VIVO,ខ្សែរថយន្តក្រុងទី ៦,Brochure_of_city_bus_stop__26.12.2018.pdf,Khmer,0104000020887F0000010000000101000000614489DC0D0A1E41DF9AB4B579963341
465,bus_line_6_no_14,1312,14,ក្រុមហ៊ុន ភីហ្សា,ខ្សែរថយន្តក្រុងទី ៦,Brochure_of_city_bus_stop__26.12.2018.pdf,Khmer,0104000020887F00000100000001010000005FCA1948FB071E41CABEF6B0F4973341
466,bus_line_6_no_15,1314,15,ក្រុមហ៊ុន ភីហ្សា,ខ្សែរថយន្តក្រុងទី ៦,Brochure_of_city_bus_stop__26.12.2018.pdf,Khmer,0104000020887F0000010000000101000000CF1B3FB7AE081E4115748E7AC7973341
467,bus_line_6_no_16,1316,16,ផ្ទះសំណាក់ខ្សាច់មាស,ខ្សែរថយន្តក្រុងទី ៦,Brochure_of_city_bus_stop__26.12.2018.pdf,Khmer,0104000020887F0000010000000101000000443FE15474061E418174C35485993341
468,bus_line_6_no_17,1318,17,ផ្ទះសំណាក់ខ្សាច់មាស,ខ្សែរថយន្តក្រុងទី ៦,Brochure_of_city_bus_stop__26.12.2018.pdf,Khmer,0104000020887F0000010000000101000000BEF30134BA061E41860DDE26CD993341
469,bus_line_6_no_18,1320,18,បុរីរុងរឿង,ខ្សែរថយន្តក្រុងទី ៦,Brochure_of_city_bus_stop__26.12.2018.pdf,Khmer,0104000020887F000001000000010100000062CD0EC28E041E411E64A6CC6A9B3341
470,bus_line_6_no_19,1322,19,បុរីរុងរឿង,ខ្សែរថយន្តក្រុងទី ៦,Brochure_of_city_bus_stop__26.12.2018.pdf,Khmer,0104000020887F0000010000000101000000D829D6066F051E4186EAD8F5229B3341
471,bus_line_6_no_20,1326,20,បុរីហាយលែន,ខ្សែរថយន្តក្រុងទី ៦,Brochure_of_city_bus_stop__26.12.2018.pdf,Khmer,0104000020887F00000100000001010000002D0A5EA734031E41418D04F1D19C3341
472,bus_line_6_no_21,1328,21,បុរីហាយលែន,ខ្សែរថយន្តក្រុងទី ៦,Brochure_of_city_bus_stop__26.12.2018.pdf,Khmer,0104000020887F000001000000010100000037C330BCC2031E41D36C9474CF9C3341
473,bus_line_6_no_22,1330,22,វត្តព្រែកលាប,ខ្សែរថយន្តក្រុងទី ៦,Brochure_of_city_bus_stop__26.12.2018.pdf,Khmer,0104000020887F0000010000000101000000AA81ED9E10011E4131F5A7221A9E3341
474,bus_line_6_no_23,1332,23,វត្តព្រែកលាប,ខ្សែរថយន្តក្រុងទី ៦,Brochure_of_city_bus_stop__26.12.2018.pdf,Khmer,0104000020887F0000010000000101000000132C394C83011E411DB2C7BF279E3341
475,bus_line_6_no_24,1334,24,ហាងនំំ លីឌីណា,ខ្សែរថយន្តក្រុងទី ៦,Brochure_of_city_bus_stop__26.12.2018.pdf,Khmer,0104000020887F0000010000000101000000F44224BE8CFC1D41BB6B461696A03341
476,bus_line_6_no_25,1336,25,ហាងនំំ លីឌីណា,ខ្សែរថយន្តក្រុងទី ៦,Brochure_of_city_bus_stop__26.12.2018.pdf,Khmer,0104000020887F0000010000000101000000268C8717CBFC1D41E992BF6BB4A03341
477,bus_line_6_no_26,1338,26,សាលាជាតិកសិកម្មព្រែកលាប,ខ្សែរថយន្តក្រុងទី ៦,Brochure_of_city_bus_stop__26.12.2018.pdf,Khmer,0104000020887F00000100000001010000003604B6C160F91D414AE21C8FA2A23341
478,bus_line_6_no_27,1340,27,សាលាជាតិកសិកម្មព្រែកលាប,ខ្សែរថយន្តក្រុងទី ៦,Brochure_of_city_bus_stop__26.12.2018.pdf,Khmer,0104000020887F00000100000001010000005CB1A194B5F91D41FDB2766BE5A23341
479,bus_line_6_no_28,1342,28,បុរី ឌឺមេគង្គរ៉ូយ៉ាល់,ខ្សែរថយន្តក្រុងទី ៦,Brochure_of_city_bus_stop__26.12.2018.pdf,Khmer,0104000020887F00000100000001010000005A03E7853AF31D4133AE19E319A63341
480,bus_line_6_no_29,1344,29,បុរី ឌឺមេគង្គរ៉ូយ៉ាល់,ខ្សែរថយន្តក្រុងទី ៦,Brochure_of_city_bus_stop__26.12.2018.pdf,Khmer,0104000020887F0000010000000101000000541E2E6B76F31D419FD2680859A63341
481,bus_line_6_no_30,1348,30,កំពង់ចំលងកោះដាច់,ខ្សែរថយន្តក្រុងទី ៦,Brochure_of_city_bus_stop__26.12.2018.pdf,Khmer,0104000020887F0000010000000101000000F90253AEC2F11D419AB68870C9A73341
482,bus_line_6_no_31,1350,31,កំពង់ចំលងកោះដាច់,ខ្សែរថយន្តក្រុងទី ៦,Brochure_of_city_bus_stop__26.12.2018.pdf,Khmer,0104000020887F0000010000000101000000CF0C66B2F4F11D41D6D5DCE052A83341
483,bus_line_6_no_32,1352,32,រោងចក្រកាត់ដេ ជូស៊ីង,ខ្សែរថយន្តក្រុងទី ៦,Brochure_of_city_bus_stop__26.12.2018.pdf,Khmer,0104000020887F0000010000000101000000076B50AD2FF01D4179BD59B83FAA3341
484,bus_line_6_no_33,1354,33,រោងចក្រកាត់ដេ ជូស៊ីង,ខ្សែរថយន្តក្រុងទី ៦,Brochure_of_city_bus_stop__26.12.2018.pdf,Khmer,0104000020887F00000100000001010000004D33A53DE3F01D413C6943189AAA3341
485,bus_line_6_no_34,1356,34,អគ្គនាយកដ្ឋាន កៅស៊ូ,ខ្សែរថយន្តក្រុងទី ៦,Brochure_of_city_bus_stop__26.12.2018.pdf,Khmer,0104000020887F00000100000001010000005581837A44F01D41249106C5FDAC3341
486,bus_line_6_no_35,1358,35,អគ្គនាយកដ្ឋាន កៅស៊ូ,ខ្សែរថយន្តក្រុងទី ៦,Brochure_of_city_bus_stop__26.12.2018.pdf,Khmer,0104000020887F0000010000000101000000811F08FFEDF01D41A48BFEB51CAD3341
487,bus_line_6_no_36,1360,36,វត្តបាក់ខែង,ខ្សែរថយន្តក្រុងទី ៦,Brochure_of_city_bus_stop__26.12.2018.pdf,Khmer,0104000020887F0000010000000101000000A43667CB80F31D41035DAEA5C5AF3341
488,bus_line_6_no_37,1362,37,វត្តបាក់ខែង,ខ្សែរថយន្តក្រុងទី ៦,Brochure_of_city_bus_stop__26.12.2018.pdf,Khmer,0104000020887F00000100000001010000006046A8B340F41D4173157B40C6AF3341
489,bus_line_6_no_38,1364,38,រោងចក្រកាត់់ដេរ វីឌីអេស,ខ្សែរថយន្តក្រុងទី ៦,Brochure_of_city_bus_stop__26.12.2018.pdf,Khmer,0104000020887F0000010000000101000000D22D97B7D5F61D41EE62F606A1B13341
490,bus_line_6_no_39,1366,39,រោងចក្រកាត់់ដេរ វីឌីអេស,ខ្សែរថយន្តក្រុងទី ៦,Brochure_of_city_bus_stop__26.12.2018.pdf,Khmer,0104000020887F00000100000001010000002B4597C268F71D41F1F63304A1B13341
491,bus_line_6_no_40,1370,40,ស្តុបវិថីឈ្នះឈ្នះ,ខ្សែរថយន្តក្រុងទី ៦,Brochure_of_city_bus_stop__26.12.2018.pdf,Khmer,0104000020887F0000010000000101000000363635E92AFC1D4176E09E5DFEB33341
492,bus_line_6_no_41,1372,41,ស្តុបវិថីឈ្នះឈ្នះ,ខ្សែរថយន្តក្រុងទី ៦,Brochure_of_city_bus_stop__26.12.2018.pdf,Khmer,0104000020887F0000010000000101000000FE8A44CCEFFC1D419328F9D300B43341
493,bus_line_6_no_42,1374,42,ក្រុមហ៊ុន លីយ៉ុងផាត់,ខ្សែរថយន្តក្រុងទី ៦,Brochure_of_city_bus_stop__26.12.2018.pdf,Khmer,0104000020887F0000010000000101000000E27487D806FA1D41299CD0B0BDB43341
494,bus_line_6_no_43,1376,43,ក្រុមហ៊ុន លីយ៉ុងផាត់,ខ្សែរថយន្តក្រុងទី ៦,Brochure_of_city_bus_stop__26.12.2018.pdf,Khmer,0104000020887F00000100000001010000004DAFE69A60FA1D411F3649F8E0B43341
495,bus_line_6_no_44,1378,44,សួនវង្វង់មូលវិថីឈ្នះឈ្នះ,ខ្សែរថយន្តក្រុងទី ៦,Brochure_of_city_bus_stop__26.12.2018.pdf,Khmer,0104000020887F0000010000000101000000E3DF003A84EC1D41D064A1B569B63341
496,bus_line_6_no_45,1380,45,សួនវង្វង់មូលវិថីឈ្នះឈ្នះ,ខ្សែរថយន្តក្រុងទី ៦,Brochure_of_city_bus_stop__26.12.2018.pdf,Khmer,0104000020887F00000100000001010000006B4A01EEF1EC1D41F499C81490B63341
497,bus_line_6_no_46,1382,46,ភ្នុំពេញសាហ្វារី,ខ្សែរថយន្តក្រុងទី ៦,Brochure_of_city_bus_stop__26.12.2018.pdf,Khmer,0104000020887F0000010000000101000000E213F528FDDB1D41DE545D5620B83341
498,bus_line_6_no_47,1384,47,ភ្នុំពេញសាហ្វារី,ខ្សែរថយន្តក្រុងទី ៦,Brochure_of_city_bus_stop__26.12.2018.pdf,Khmer,0104000020887F0000010000000101000000D1A10DD4DCDB1D412B02EB624FB83341
499,bus_line_6_no_48,1386,48,ស្ថានីីយ៍ទូរទស្សន៍ភីអិនអិន,ខ្សែរថយន្តក្រុងទី ៦,Brochure_of_city_bus_stop__26.12.2018.pdf,Khmer,0104000020887F0000010000000101000000BBFF7DDB8BC51D41D7D0F7FAC0B53341
500,bus_line_6_no_49,1388,49,ស្ថានីីយ៍ទូរទស្សន៍ភីអិនអិន,ខ្សែរថយន្តក្រុងទី ៦,Brochure_of_city_bus_stop__26.12.2018.pdf,Khmer,0104000020887F0000010000000101000000FBF559F056C41D414E30FA5706B63341
501,bus_line_6_no_52,1396,52,ការ៉ាស់សាំង តេលា,ខ្សែរថយន្តក្រុងទី ៦,Brochure_of_city_bus_stop__26.12.2018.pdf,Khmer,0104000020887F0000010000000101000000F32DEF2456BB1D4115A0854844B13341
502,bus_line_6_no_53,1398,53,ការ៉ាស់សាំង តេលា,ខ្សែរថយន្តក្រុងទី ៦,Brochure_of_city_bus_stop__26.12.2018.pdf,Khmer,0104000020887F00000100000001010000003A731B4BE5B91D417FF153CC46B13341
503,bus_line_6_no_54,1400,54,រង្វង់មូលវិថីឈ្នះឈ្នះ (គល់ស្ពានព្រែកព្នៅ),ខ្សែរថយន្តក្រុងទី ៦,Brochure_of_city_bus_stop__26.12.2018.pdf,Khmer,0104000020887F000001000000010100000025F829EFF9B21D41F2ED49ABA5AD3341
504,bus_line_6_no_55,1402,55,រង្វង់មូលវិថីឈ្នះឈ្នះ(គល់ស្ពានព្រែកព្នៅ),ខ្សែរថយន្តក្រុងទី ៥ A,Brochure_of_city_bus_stop__26.12.2018.pdf,Khmer,0104000020887F00000100000001010000005A8341C181B11D41E33AC8CE37AD3341
505,bus_line_6_no_50,1392,50,វិមានឈ្នះឈ្នះ,ខ្សែរថយន្តក្រុងទី ៦,Brochure_of_city_bus_stop__26.12.2018.pdf,Khmer,0104000020887F00000100000001010000003E815C31A4BD1D416572ADF043B33341
506,bus_line_6_no_51,1394,51,ពហុកីឡដ្ឋានមរតកតេជោ,ខ្សែរថយន្តក្រុងទី ៦,Brochure_of_city_bus_stop__26.12.2018.pdf,Khmer,0104000020887F000001000000010100000001E5F5891ABD1D4114667E074BB33341
507,bus_line_6_no_56,1404,56,ស្ថានីយ៍ចំណតរថយន្តក្រុងព្រែកព្នៅ,ខ្សែរថយន្តក្រុងទី ៦,Brochure_of_city_bus_stop__26.12.2018.pdf,Khmer,0104000020887F00000100000001010000002B80EAF6A7A41D41C612977A47AF3341
508,bus_line_7_no_1,1414,1,ចំណតរថយន្តក្រុងគីឡូម៉េត្រលេខ ៩,ខ្សែរថយន្តក្រុងទី ៧,Brochure_of_city_bus_stop__26.12.2018.pdf,Khmer,0104000020887F0000010000000101000000480C1F6708C41D41276E8E6A45A03341
509,bus_line_7_no_2,1436,2,វិហារចាមគីឡូលេខ៩,ខ្សែរថយន្តក្រុងទី ៧,Brochure_of_city_bus_stop__26.12.2018.pdf,Khmer,0104000020887F00000100000001010000003B40E4A1D6C31D4182048F7F46A13341
510,bus_line_7_no_3,1458,3,វិហារចាមគីឡូលេខ៩,ខ្សែរថយន្តក្រុងទី ៧,Brochure_of_city_bus_stop__26.12.2018.pdf,Khmer,0104000020887F00000100000001010000009E31B86EFFC31D4125DF08E158A13341
511,bus_line_7_no_4,1480,4,ការ៉ាស់សាំង តេលា,ខ្សែរថយន្តក្រុងទី ៧,Brochure_of_city_bus_stop__26.12.2018.pdf,Khmer,0104000020887F0000010000000101000000BDA75A90B8BF1D4137BA15A44FA13341
512,bus_line_7_no_5,1502,5,ការ៉ាស់សាំង តេលា,ខ្សែរថយន្តក្រុងទី ៧,Brochure_of_city_bus_stop__26.12.2018.pdf,Khmer,0104000020887F0000010000000101000000AEA7521736BF1D416E763AEA4BA13341
513,bus_line_7_no_6,1524,6,បុរី ប៉េងហួត,ខ្សែរថយន្តក្រុងទី ៧,Brochure_of_city_bus_stop__26.12.2018.pdf,Khmer,0104000020887F0000010000000101000000826FEE3F3ABE1D415FD225E9F19E3341
514,bus_line_7_no_7,1546,7,បុរី ប៉េងហួត,ខ្សែរថយន្តក្រុងទី ៧,Brochure_of_city_bus_stop__26.12.2018.pdf,Khmer,0104000020887F00000100000001010000001B1BC24D67BE1D4137DB7A38AF9E3341
515,bus_line_7_no_9,1568,9,ឃ្លាំងស្តុកសាប៊ូ,ខ្សែរថយន្តក្រុងទី ៧,Brochure_of_city_bus_stop__26.12.2018.pdf,Khmer,0104000020887F0000010000000101000000E700A6DEC7C41D41D91EE80B679C3341
516,bus_line_7_no_8,1566,8,ឃ្លាំងស្តុកសាប៊ូ,ខ្សែរថយន្តក្រុងទី ៧,Brochure_of_city_bus_stop__26.12.2018.pdf,Khmer,0104000020887F0000010000000101000000FD420C8BDEC41D4192EC6601A19C3341
517,bus_line_7_no_10,1416,10,អគ្គនាយកដ្ឋានសាធារណការ និងដឹកជញ្ជូន,ខ្សែរថយន្តក្រុងទី ៧,Brochure_of_city_bus_stop__26.12.2018.pdf,Khmer,0104000020887F0000010000000101000000582DBB2D26CA1D41033C2B01B79A3341
518,bus_line_7_no_11,1418,11,អគ្គនាយកដ្ឋានសាធារណការ និងដឹកជញ្ជូន,ខ្សែរថយន្តក្រុងទី ៧,Brochure_of_city_bus_stop__26.12.2018.pdf,Khmer,0104000020887F0000010000000101000000257112937BC91D41962333FEC09A3341
519,bus_line_7_no_12,1420,12,យានដ្ឋានសប្បាយចិត្ត II,ខ្សែរថយន្តក្រុងទី ៧,Brochure_of_city_bus_stop__26.12.2018.pdf,Khmer,0104000020887F0000010000000101000000D49C7CC97ECD1D4116B18DF53F993341
520,bus_line_7_no_13,1422,13,យានដ្ឋានសប្បាយចិត្ត II,ខ្សែរថយន្តក្រុងទី ៧,Brochure_of_city_bus_stop__26.12.2018.pdf,Khmer,0104000020887F000001000000010100000049B4770840CD1D41F82A21232F993341
521,bus_line_7_no_14,1424,14,ការ៉ាស់់សាំង អិល អេច អរ,ខ្សែរថយន្តក្រុងទី ៧,Brochure_of_city_bus_stop__26.12.2018.pdf,Khmer,0104000020887F0000010000000101000000E743E191BFD11D417F9398AC19973341
522,bus_line_7_no_15,1426,15,ការ៉ាស់់សាំង អិល អេច អរ,ខ្សែរថយន្តក្រុងទី ៧,Brochure_of_city_bus_stop__26.12.2018.pdf,Khmer,0104000020887F0000010000000101000000D829CF6F5CD11D4102C3B3F80B973341
523,bus_line_7_no_16,1428,16,ភោជនីីយដ្ឋាន The Terrace,ខ្សែរថយន្តក្រុងទី ៧,Brochure_of_city_bus_stop__26.12.2018.pdf,Khmer,0104000020887F0000010000000101000000AA8252CD8FD41D41E400DA97AB953341
524,bus_line_7_no_17,1430,17,ភោជនីីយដ្ឋាន The Terrace,ខ្សែរថយន្តក្រុងទី ៧,Brochure_of_city_bus_stop__26.12.2018.pdf,Khmer,0104000020887F0000010000000101000000475DD35057D41D4105904EA797953341
525,bus_line_7_no_18,1432,18,ក្រុមហ៊ុន ខេហ្វិច,ខ្សែរថយន្តក្រុងទី ៧,Brochure_of_city_bus_stop__26.12.2018.pdf,Khmer,0104000020887F0000010000000101000000970B195751D81D41F3E70B659E933341
526,bus_line_7_no_19,1434,19,ក្រុមហ៊ុន ខេហ្វិច,ខ្សែរថយន្តក្រុងទី ៧,Brochure_of_city_bus_stop__26.12.2018.pdf,Khmer,0104000020887F0000010000000101000000EE0D786543D81D41C96647BC39933341
527,bus_line_7_no_25,1448,25,សាលាអន្តរជាតិិ ហ្គោហ្គោ,ខ្សែរថយន្តក្រុងទី ៧,Brochure_of_city_bus_stop__26.12.2018.pdf,Khmer,0104000020887F00000100000001010000005313CF7F0AD81D41704221A1B38D3341
528,bus_line_7_no_27,1452,27,ក្រុមហ៊ុន​ បូដាមិច,ខ្សែរថយន្តក្រុងទី ៧,Brochure_of_city_bus_stop__26.12.2018.pdf,Khmer,0104000020887F0000010000000101000000D738BD55FBD21D417C9178D8D58C3341
529,bus_line_7_no_28,1454,28,បុរីប៉េងហ៊ួត,ខ្សែរថយន្តក្រុងទី ៧,Brochure_of_city_bus_stop__26.12.2018.pdf,Khmer,0104000020887F000001000000010100000023FD741EFBCC1D4141E6CB2BA48B3341
530,bus_line_7_no_29,1456,29,បុរីប៉េងហ៊ួត,ខ្សែរថយន្តក្រុងទី ៧,Brochure_of_city_bus_stop__26.12.2018.pdf,Khmer,0104000020887F0000010000000101000000BA97F7BC47CD1D411DF99C64DA8B3341
531,bus_line_7_no_30,1460,30,ក្លិបកីឡា រូវ៉ាយសេវែន,ខ្សែរថយន្តក្រុងទី ៧,Brochure_of_city_bus_stop__26.12.2018.pdf,Khmer,0104000020887F0000010000000101000000A36B2C8508C51D418D74FCC3E0893341
532,bus_line_7_no_31,1462,31,ក្លិបកីឡា រូវ៉ាយសេវែន,ខ្សែរថយន្តក្រុងទី ៧,Brochure_of_city_bus_stop__26.12.2018.pdf,Khmer,0104000020887F0000010000000101000000B86EE5BEF0C41D414EA334380A8A3341
533,bus_line_7_no_36,1472,36,បណ្ណាល័យ ហ៊ុនសែន,ខ្សែរថយន្តក្រុងទី ៧,Brochure_of_city_bus_stop__26.12.2018.pdf,Khmer,0104000020887F0000010000000101000000023EF2EE02C61D41DBE42F33DB833341
534,bus_line_7_no_38,1476,38,មន្ទីរពេទ្យលោកសង្ឃ,ខ្សែរថយន្តក្រុងទី ៧,Brochure_of_city_bus_stop__26.12.2018.pdf,Khmer,0104000020887F00000100000001010000008A5B4187BFC71D41258FC629B3813341
535,bus_line_7_no_39,1478,39,មន្ទីរពេទ្យលោកសង្ឃ,ខ្សែរថយន្តក្រុងទី ៧,Brochure_of_city_bus_stop__26.12.2018.pdf,Khmer,0104000020887F000001000000010100000074039121B8C61D411F31A01FFC813341
536,bus_line_7_no_43,1488,43,សាលាបឋមសិក្សា អនុវត្តន៍រាជធានី,ខ្សែរថយន្តក្រុងទី ៧,Brochure_of_city_bus_stop__26.12.2018.pdf,Khmer,0104000020887F000001000000010100000046B4C40244C41D414441620CAA7E3341
537,bus_line_7_no_44,1490,44,អគ្គនាយកដ្ឋានកសិកម្ម,ខ្សែរថយន្តក្រុងទី ៧,Brochure_of_city_bus_stop__26.12.2018.pdf,Khmer,0104000020887F00000100000001010000007B55D44FDFC51D41AC708ECB607C3341
538,bus_line_7_no_47,1496,47,វិទ្យាល័យជាស៊ីមសាមគ្គី,ខ្សែរថយន្តក្រុងទី ៧,Brochure_of_city_bus_stop__26.12.2018.pdf,Khmer,0104000020887F00000100000001010000001CE546A5BCCA1D41E9C6BCD4417B3341
539,bus_line_7_no_48,1498,48,ស្ពានអាកាស ស្ទឹងមានជ័យ,ខ្សែរថយន្តក្រុងទី ៧,Brochure_of_city_bus_stop__26.12.2018.pdf,Khmer,0104000020887F00000100000001010000007C14B454FCD21D41E334611A5A7B3341
540,bus_line_7_no_50,1504,50,ផ្សារទំនើប សុវណ្ណា,ខ្សែរថយន្តក្រុងទី ៧,Brochure_of_city_bus_stop__26.12.2018.pdf,Khmer,0104000020887F00000100000001010000001EA8FBEDECD91D41A64CA7349C793341
541,bus_line_7_no_52,1508,52,មន្ទីរពេទ្យ រុស្សី,ខ្សែរថយន្តក្រុងទី ៧,Brochure_of_city_bus_stop__26.12.2018.pdf,Khmer,0104000020887F00000100000001010000005D8573799FE11D41E12A3A6DD1783341
542,bus_line_7_no_54,1512,54,មីក្រូហិរញ្ញវត្ថុ អេអិមខេ,ខ្សែរថយន្តក្រុងទី ៧,Brochure_of_city_bus_stop__26.12.2018.pdf,Khmer,0104000020887F0000010000000101000000C16E7472F1E71D410103076620783341
543,bus_line_7_no_56,1516,56,ភ្នំពេញ ស្ព័តក្លឹប,ខ្សែរថយន្តក្រុងទី ៧,Brochure_of_city_bus_stop__26.12.2018.pdf,Khmer,0104000020887F0000010000000101000000351164772AED1D41F32AE987DE753341
544,bus_line_7_no_57,1518,57,ភ្នំពេញ ស្ព័តក្លឹប,ខ្សែរថយន្តក្រុងទី ៧,Brochure_of_city_bus_stop__26.12.2018.pdf,Khmer,0104000020887F00000100000001010000008285586DE5EC1D41097A8032D0753341
545,bus_line_7_no_59,1522,59,ឌូបៃ KTV,ខ្សែរថយន្តក្រុងទី ៧,Brochure_of_city_bus_stop__26.12.2018.pdf,Khmer,0104000020887F000001000000010100000055FDD981A0F01D41E2FD847407743341
546,bus_line_7_no_62,1530,62,សា្ថនីយ៍បូមទឹកបឹងត្របែក,ខ្សែរថយន្តក្រុងទី ៧,Brochure_of_city_bus_stop__26.12.2018.pdf,Khmer,0104000020887F00000100000001010000009C7DFAB5BB011E41067516A0E5713341
547,bus_line_7_no_63,1532,63,សា្ថនីយ៍បូមទឹកបឹងត្របែក,ខ្សែរថយន្តក្រុងទី ៧,Brochure_of_city_bus_stop__26.12.2018.pdf,Khmer,0104000020887F0000010000000101000000834E5BF186011E4179D13824AE713341
548,bus_line_7_no_64,1534,64,ស្ថានីយ៍៍ឧតុនិយម,ខ្សែរថយន្តក្រុងទី ៧,Brochure_of_city_bus_stop__26.12.2018.pdf,Khmer,0104000020887F000001000000010100000068397FA46B071E412DE68A8C81723341
549,bus_line_7_no_65,1536,65,ស្ថានីយ៍៍ឧតុនិយម,ខ្សែរថយន្តក្រុងទី ៧,Brochure_of_city_bus_stop__26.12.2018.pdf,Khmer,0104000020887F0000010000000101000000EDE8C253A5071E41AC0EF58656723341
550,bus_line_7_no_66,1538,66,ស្ពានអាកាសក្បាលថ្នល់,ខ្សែរថយន្តក្រុងទី ៧,Brochure_of_city_bus_stop__26.12.2018.pdf,Khmer,0104000020887F00000100000001010000000E989D3B8B0D1E4168E1F1EB0A733341
551,bus_line_7_no_67,1540,67,ស្ពានអាកាសក្បាលថ្នល់,ខ្សែរថយន្តក្រុងទី ៧,Brochure_of_city_bus_stop__26.12.2018.pdf,Khmer,0104000020887F0000010000000101000000FF86BFC3010D1E4108C7761ED8723341
552,bus_line_7_no_68,1542,68,ផ្សារច្បារអំពៅ,ខ្សែរថយន្តក្រុងទី ៧,Brochure_of_city_bus_stop__26.12.2018.pdf,Khmer,0104000020887F000001000000010100000040AF153B54181E41F89AE1D1BB733341
553,bus_line_7_no_69,1544,69,ផ្សារច្បារអំពៅ,ខ្សែរថយន្តក្រុងទី ៧,Brochure_of_city_bus_stop__26.12.2018.pdf,Khmer,0104000020887F000001000000010100000085643B5937191E4115DFF9739A733341
554,bus_line_7_no_70,1548,70,ស្ថានីយ៍ប្រេងកាល់តិច,ខ្សែរថយន្តក្រុងទី ៧,Brochure_of_city_bus_stop__26.12.2018.pdf,Khmer,0104000020887F0000010000000101000000280731CF601D1E41F962E4939C733341
555,bus_line_7_no_71,1550,71,ស្ថានីយ៍ប្រេងកាល់តិច,ខ្សែរថយន្តក្រុងទី ៧,Brochure_of_city_bus_stop__26.12.2018.pdf,Khmer,0104000020887F0000010000000101000000BF3C64EBC31D1E4141666F2A77733341
556,bus_line_7_no_72,1552,72,វិទ្យាល័័យ ហ៊ុនសែនច្បារអំពៅ,ខ្សែរថយន្តក្រុងទី ៧,Brochure_of_city_bus_stop__26.12.2018.pdf,Khmer,0104000020887F000001000000010100000023E65301302C1E4187BBFF9E72733341
557,bus_line_7_no_73,1554,73,វិទ្យាល័័យ ហ៊ុនសែនច្បារអំពៅ,ខ្សែរថយន្តក្រុងទី ៧,Brochure_of_city_bus_stop__26.12.2018.pdf,Khmer,0104000020887F0000010000000101000000EDF0008D3C2D1E41AE8AD5C95C733341
558,bus_line_7_no_74,1556,74,បុរី ប៉េងហួត,ខ្សែរថយន្តក្រុងទី ៧,Brochure_of_city_bus_stop__26.12.2018.pdf,Khmer,0104000020887F0000010000000101000000777C6BEF50371E41407CB6D084743341
559,bus_line_7_no_75,1558,75,បុរី ប៉េងហួត,ខ្សែរថយន្តក្រុងទី ៧,Brochure_of_city_bus_stop__26.12.2018.pdf,Khmer,0104000020887F000001000000010100000007078902EA371E4172EFB5AC56743341
560,bus_line_7_no_76,1560,76,មន្ទីរពេទ្យ ជោរៃ,ខ្សែរថយន្តក្រុងទី ៧,Brochure_of_city_bus_stop__26.12.2018.pdf,Khmer,0104000020887F00000100000001010000006650DBDEF1401E41B580886C0E763341
561,bus_line_7_no_77,1562,77,មន្ទីរពេទ្យ ជោរៃ,ខ្សែរថយន្តក្រុងទី ៧,Brochure_of_city_bus_stop__26.12.2018.pdf,Khmer,0104000020887F0000010000000101000000A3FC33B449411E4120A799E9F8753341
562,bus_line_7_no_78,1564,78,ចំំណតរថយន្តក្រុងបឹងឈូក,ខ្សែរថយន្តក្រុងទី ៧,Brochure_of_city_bus_stop__26.12.2018.pdf,Khmer,0104000020887F0000010000000101000000AB08D9326E441E411C74129D96763341
563,bus_line_8_no_1,1570,1,រង្វង់មូលកួចកាណុង,ខ្សែរថយន្តក្រុងទី ៨,Brochure_of_city_bus_stop__26.12.2018.pdf,Khmer,0104000020887F00000100000001010000002164FBE841F51D41D4538B5A7F8A3341
564,bus_line_8_no_2,1592,2,សាលាចិនប៉េកាំង,ខ្សែរថយន្តក្រុងទី ៨,Brochure_of_city_bus_stop__26.12.2018.pdf,Khmer,0104000020887F000001000000010100000050581A7585EB1D41C79191432D8A3341
565,bus_line_8_no_3,1614,3,សាលាចិនប៉េកាំង,ខ្សែរថយន្តក្រុងទី ៨,Brochure_of_city_bus_stop__26.12.2018.pdf,Khmer,0104000020887F0000010000000101000000284256979EEB1D41A744B36D4C8A3341
566,bus_line_8_no_4,1634,4,ស្ថានីយ៍បូមទឹកទួលគោក២,ខ្សែរថយន្តក្រុងទី ៨,Brochure_of_city_bus_stop__26.12.2018.pdf,Khmer,0104000020887F00000100000001010000005E33567C30E21D413F69B317418A3341
567,bus_line_8_no_5,1636,5,ស្ថានីយ៍បូមទឹកទួលគោក២,ខ្សែរថយន្តក្រុងទី ៨,Brochure_of_city_bus_stop__26.12.2018.pdf,Khmer,0104000020887F000001000000010100000004D40131C8E41D41008B7BB01F8A3341
568,bus_line_8_no_6,1638,6,អត់តែងទួលគោក,ខ្សែរថយន្តក្រុងទី ៨,Brochure_of_city_bus_stop__26.12.2018.pdf,Khmer,0104000020887F000001000000010100000014A2D11232DD1D414FD95827B08A3341
569,bus_line_8_no_7,1640,7,អត់តែងទួលគោក,ខ្សែរថយន្តក្រុងទី ៨,Brochure_of_city_bus_stop__26.12.2018.pdf,Khmer,0104000020887F0000010000000101000000AE0AD57E11DD1D4125DAD091D08A3341
570,bus_line_8_no_8,1642,8,រង្វង់មូលកាំកូស៊ីធី,ខ្សែរថយន្តក្រុងទី ៨,Brochure_of_city_bus_stop__26.12.2018.pdf,Khmer,0104000020887F0000010000000101000000DB7948B358D61D41F8ACF211AB8C3341
571,bus_line_8_no_9,1644,9,រង្វង់មូលកាំកូស៊ីធី,ខ្សែរថយន្តក្រុងទី ៨,Brochure_of_city_bus_stop__26.12.2018.pdf,Khmer,0104000020887F0000010000000101000000E335EB7492D61D412961411DC78C3341
572,bus_line_8_no_10,1572,10,វិទ្យាស្ថានអន្តរជាតិជប៉ុន,ខ្សែរថយន្តក្រុងទី ៨,Brochure_of_city_bus_stop__26.12.2018.pdf,Khmer,0104000020887F0000010000000101000000625E885350D01D41B7B16C9A188D3341
573,bus_line_8_no_11,1574,11,វិទ្យាស្ថានអន្តរជាតិជប៉ុន,ខ្សែរថយន្តក្រុងទី ៨,Brochure_of_city_bus_stop__26.12.2018.pdf,Khmer,0104000020887F0000010000000101000000A56EC2B72AD01D41DF3E3C6C2E8D3341
574,bus_line_8_no_12,1576,12,បុរី ប៉េ៉ងហ៊ួត,ខ្សែរថយន្តក្រុងទី ៨,Brochure_of_city_bus_stop__26.12.2018.pdf,Khmer,0104000020887F00000100000001010000007DDAFAD450C21D41941A17E0E58C3341
575,bus_line_8_no_13,1578,13,បុរី ប៉េ៉ងហ៊ួត,ខ្សែរថយន្តក្រុងទី ៨,Brochure_of_city_bus_stop__26.12.2018.pdf,Khmer,0104000020887F0000010000000101000000F4A3C5ACA3C21D410B1BC36FFA8C3341
576,bus_line_8_no_14,1580,14,កាហ្វេ ប្រោន,ខ្សែរថយន្តក្រុងទី ៨,Brochure_of_city_bus_stop__26.12.2018.pdf,Khmer,0104000020887F000001000000010100000023D2F0B91BBC1D41CFE2E0F5D38C3341
577,bus_line_8_no_15,1582,15,កាហ្វេ ប្រោន,ខ្សែរថយន្តក្រុងទី ៨,Brochure_of_city_bus_stop__26.12.2018.pdf,Khmer,0104000020887F000001000000010100000022B9E60927BC1D414C722F1DE08C3341
578,bus_line_8_no_16,1584,16,សាលាមធ្យមវិចិត្រសិល្បៈ,ខ្សែរថយន្តក្រុងទី ៨,Brochure_of_city_bus_stop__26.12.2018.pdf,Khmer,0104000020887F00000100000001010000006EA8265531B41D41EF402AB2B48C3341
579,bus_line_8_no_17,1586,17,សាលាមធ្យមវិចិត្រសិល្បៈ,ខ្សែរថយន្តក្រុងទី ៨,Brochure_of_city_bus_stop__26.12.2018.pdf,Khmer,0104000020887F0000010000000101000000D7F6A096F7B51D41C2D8CD6FD48C3341
580,bus_line_8_no_18,1588,18,បុរី ជីបម៉ុងលែន,ខ្សែរថយន្តក្រុងទី ៨,Brochure_of_city_bus_stop__26.12.2018.pdf,Khmer,0104000020887F00000100000001010000000C5AB75406AC1D41E06720159D8C3341
581,bus_line_8_no_19,1590,19,បុរី ជីបម៉ុងលែន,ខ្សែរថយន្តក្រុងទី ៨,Brochure_of_city_bus_stop__26.12.2018.pdf,Khmer,0104000020887F0000010000000101000000FD301C4901AE1D419FA13931BC8C3341
582,bus_line_8_no_20,1594,20,ស្ថានីយ៍ ប្រេង លី ហ៊ាង,ខ្សែរថយន្តក្រុងទី ៨,Brochure_of_city_bus_stop__26.12.2018.pdf,Khmer,0104000020887F0000010000000101000000C6810864DEA51D41E2109C8F8A8C3341
583,bus_line_8_no_21,1596,21,ស្ថានីយ៍ ប្រេង លី ហ៊ាង,ខ្សែរថយន្តក្រុងទី ៨,Brochure_of_city_bus_stop__26.12.2018.pdf,Khmer,0104000020887F000001000000010100000036015E920BA71D413D220433A78C3341
584,bus_line_8_no_22,1598,22,ក្រុមហ៊ុន គ្រីនហ្វីត,ខ្សែរថយន្តក្រុងទី ៨,Brochure_of_city_bus_stop__26.12.2018.pdf,Khmer,0104000020887F0000010000000101000000C9CD9FD9A19C1D41F9616B416F8C3341
585,bus_line_8_no_23,1600,23,ក្រុមហ៊ុន គ្រីនហ្វីត,ខ្សែរថយន្តក្រុងទី ៨,Brochure_of_city_bus_stop__26.12.2018.pdf,Khmer,0104000020887F0000010000000101000000327B3C559F9D1D417536DF5D808C3341
586,bus_line_8_no_24,1602,24,បុរី ថៃ ឈុនគ្រី,ខ្សែរថយន្តក្រុងទី ៨,Brochure_of_city_bus_stop__26.12.2018.pdf,Khmer,0104000020887F0000010000000101000000273A763B0F971D417A1C2EC4658C3341
587,bus_line_8_no_25,1604,25,បុរី ថៃ ឈុនគ្រី,ខ្សែរថយន្តក្រុងទី ៨,Brochure_of_city_bus_stop__26.12.2018.pdf,Khmer,0104000020887F0000010000000101000000807FACB18C981D417F741CED758C3341
588,bus_line_8_no_26,1606,26,អាហារដ្ឋាន ជីញ ហ៊ួ,ខ្សែរថយន្តក្រុងទី ៨,Brochure_of_city_bus_stop__26.12.2018.pdf,Khmer,0104000020887F00000100000001010000005D32D42CAB8B1D41C6B0D04A2A8C3341
589,bus_line_8_no_27,1608,27,អាហារដ្ឋាន ជីញ ហ៊ួ,ខ្សែរថយន្តក្រុងទី ៨,Brochure_of_city_bus_stop__26.12.2018.pdf,Khmer,0104000020887F00000100000001010000009684EC69E28C1D41DD2696284D8C3341
590,bus_line_8_no_28,1610,28,មន្ទីរសុខាភិបាលរាជធានីភ្នំពេញ,ខ្សែរថយន្តក្រុងទី ៨,Brochure_of_city_bus_stop__26.12.2018.pdf,Khmer,0104000020887F000001000000010100000051B674A1DC8A1D4167C7F373B28A3341
591,bus_line_8_no_29,1612,29,មន្ទីរសុខាភិបាលរាជធានីភ្នំពេញ,ខ្សែរថយន្តក្រុងទី ៨,Brochure_of_city_bus_stop__26.12.2018.pdf,Khmer,0104000020887F000001000000010100000053C0DBCE938A1D41B21997C69A8A3341
592,bus_line_8_no_30,1616,30,KTV ចំការននោង,ខ្សែរថយន្តក្រុងទី ៨,Brochure_of_city_bus_stop__26.12.2018.pdf,Khmer,0104000020887F0000010000000101000000A0AAEDA2268B1D416EEB04BB43883341
593,bus_line_8_no_31,1618,31,KTV ចំការននោង,ខ្សែរថយន្តក្រុងទី ៨,Brochure_of_city_bus_stop__26.12.2018.pdf,Khmer,0104000020887F0000010000000101000000C6A3F91CA48A1D41B7FF106935883341
594,bus_line_8_no_32,1620,32,បុរី ពីភពថ្មី,ខ្សែរថយន្តក្រុងទី ៨,Brochure_of_city_bus_stop__26.12.2018.pdf,Khmer,0104000020887F0000010000000101000000AEE572F2CA8B1D41553AFD41C0853341
595,bus_line_8_no_33,1622,33,បុរី ពីភពថ្មី,ខ្សែរថយន្តក្រុងទី ៨,Brochure_of_city_bus_stop__26.12.2018.pdf,Khmer,0104000020887F0000010000000101000000000F870F668B1D41396CBF44FC853341
596,bus_line_8_no_34,1624,34,ស្ថានីយ៍ប្រេង អិលអេចអរ,ខ្សែរថយន្តក្រុងទី ៨,Brochure_of_city_bus_stop__26.12.2018.pdf,Khmer,0104000020887F00000100000001010000006BB1E879868B1D41A850F44431833341
597,bus_line_8_no_35,1626,35,ស្ថានីយ៍ប្រេង អិលអេចអរ,ខ្សែរថយន្តក្រុងទី ៨,Brochure_of_city_bus_stop__26.12.2018.pdf,Khmer,0104000020887F0000010000000101000000C381C2F8C78A1D41C24C9F019F833341
598,bus_line_8_no_36,1628,36,ក្លិឹបរីលេក,ខ្សែរថយន្តក្រុងទី ៨,Brochure_of_city_bus_stop__26.12.2018.pdf,Khmer,0104000020887F000001000000010100000002199D21538A1D415589664CF6803341
599,bus_line_8_no_37,1630,37,ក្លិឹបរីលេក,ខ្សែរថយន្តក្រុងទី ៨,Brochure_of_city_bus_stop__26.12.2018.pdf,Khmer,0104000020887F000001000000010100000048EAFDCF0C8A1D41722E7A9EDE803341
600,bus_line_8_no_38,1632,38,ផ្សារស៊ិនជូរីផ្លាហ្សា,ខ្សែរថយន្តក្រុងទី ៨,Brochure_of_city_bus_stop__26.12.2018.pdf,Khmer,0104000020887F0000010000000101000000F570EF84FD8B1D416A1184D07A803341
601,bus_line_10_no_1,162,1,ផ្សារស៊ិនជូរីផ្លាហ្សា,ខ្សែរថយន្តក្រុងទី ១០,Brochure_of_city_bus_stop__26.12.2018.pdf,Khmer,0104000020887F00000100000001010000005A075B50F48B1D41C3C6C46D81803341
602,bus_line_10_no_2,184,2,ស្តុបម៉ៃដា,ខ្សែរថយន្តក្រុងទី ១០,Brochure_of_city_bus_stop__26.12.2018.pdf,Khmer,0104000020887F0000010000000101000000917A98873D8B1D41792883E633803341
603,bus_line_10_no_3,202,3,ស្តុបម៉ៃដា,ខ្សែរថយន្តក្រុងទី ១០,Brochure_of_city_bus_stop__26.12.2018.pdf,Khmer,0104000020887F000001000000010100000015F6D196C98A1D41A52EC50C29803341
604,bus_line_10_no_4,224,4,ភោជនីយដ្ឋានសែនរីករាយថ្មី BG,ខ្សែរថយន្តក្រុងទី ១០,Brochure_of_city_bus_stop__26.12.2018.pdf,Khmer,0104000020887F00000100000001010000002F44329CF1901D41AB4C994D647E3341
605,bus_line_10_no_5,246,5,ភោជនីយដ្ឋានសែនរីករាយថ្មី BG,ខ្សែរថយន្តក្រុងទី ១០,Brochure_of_city_bus_stop__26.12.2018.pdf,Khmer,0104000020887F00000100000001010000007CDE537C86901D413A0B6EAD7B7E3341
606,bus_line_10_no_6,268,6,កងពលតូចដឹកជញ្ជូនលេខ ៩៩,ខ្សែរថយន្តក្រុងទី ១០,Brochure_of_city_bus_stop__26.12.2018.pdf,Khmer,0104000020887F00000100000001010000001E71CE3E87921D412D20D2FC127C3341
607,bus_line_10_no_7,290,7,កងពលតូចដឹកជញ្ជូនលេខ ៩៩,ខ្សែរថយន្តក្រុងទី ១០,Brochure_of_city_bus_stop__26.12.2018.pdf,Khmer,0104000020887F00000100000001010000006EAFB40827921D418049D709207C3341
608,bus_line_10_no_8,306,8,យូ ធី KTV,ខ្សែរថយន្តក្រុងទី ១០,Brochure_of_city_bus_stop__26.12.2018.pdf,Khmer,0104000020887F0000010000000101000000A980AD8BD7971D41D577DC63C87B3341
609,bus_line_10_no_9,308,9,យូ ធី KTV,ខ្សែរថយន្តក្រុងទី ១០,Brochure_of_city_bus_stop__26.12.2018.pdf,Khmer,0104000020887F00000100000001010000002CE0852DEB971D419F412539AD7B3341
610,bus_line_10_no_10,164,10,ស៊ីស៊ីស៊ី សហព័ន្ធវាយកូនបាល់កម្ពុជា,ខ្សែរថយន្តក្រុងទី ១០,Brochure_of_city_bus_stop__26.12.2018.pdf,Khmer,0104000020887F00000100000001010000001C1BE30659A01D41D3E46A20027C3341
611,bus_line_10_no_11,166,11,ស៊ីស៊ីស៊ី សហព័ន្ធវាយកូនបាល់កម្ពុជា,ខ្សែរថយន្តក្រុងទី ១០,Brochure_of_city_bus_stop__26.12.2018.pdf,Khmer,0104000020887F0000010000000101000000EE7E9CB29CA11D41E7D5CD87EE7B3341
612,bus_line_10_no_12,168,12,បុរី អគីដេ,ខ្សែរថយន្តក្រុងទី ១០,Brochure_of_city_bus_stop__26.12.2018.pdf,Khmer,0104000020887F0000010000000101000000C47359661AAA1D41EEEC31A7477C3341
613,bus_line_10_no_13,170,13,បុរី អគីដេ,ខ្សែរថយន្តក្រុងទី ១០,Brochure_of_city_bus_stop__26.12.2018.pdf,Khmer,0104000020887F00000100000001010000002A6FA0CE4EAA1D41368384D6177C3341
614,bus_line_10_no_14,172,14,សាលា ស៊ី អាយ អេ,ខ្សែរថយន្តក្រុងទី ១០,Brochure_of_city_bus_stop__26.12.2018.pdf,Khmer,0104000020887F0000010000000101000000C9C50E2AF0B11D41130BA0A97F7C3341
615,bus_line_10_no_15,174,15,សាលា ស៊ី អាយ អេ,ខ្សែរថយន្តក្រុងទី ១០,Brochure_of_city_bus_stop__26.12.2018.pdf,Khmer,0104000020887F00000100000001010000008ECB4646C3B11D4100CDDB83617C3341
616,bus_line_10_no_16,176,16,រោងចក្រ ផ្លូវ​២០០៤,ខ្សែរថយន្តក្រុងទី ១០,Brochure_of_city_bus_stop__26.12.2018.pdf,Khmer,0104000020887F000001000000010100000034D865CC73BA1D41D8CF85ACB47C3341
617,bus_line_10_no_17,178,17,រោងចក្រ ផ្លូវ​២០០៤,ខ្សែរថយន្តក្រុងទី ១០,Brochure_of_city_bus_stop__26.12.2018.pdf,Khmer,0104000020887F00000100000001010000009E6B7F2E8ABA1D41CD433B369F7C3341
618,bus_line_10_no_18,180,18,មជ្ឈមណ្ឌលភាសាអង់គ្លេស ស៊ី អាយ​​ អេ,ខ្សែរថយន្តក្រុងទី ១០,Brochure_of_city_bus_stop__26.12.2018.pdf,Khmer,0104000020887F0000010000000101000000A8505F09CCBE1D4165ECC670D27C3341
619,bus_line_10_no_19,182,19,មជ្ឈមណ្ឌលភាសាអង់គ្លេស ស៊ី អាយ​​ អេ,ខ្សែរថយន្តក្រុងទី ១០,Brochure_of_city_bus_stop__26.12.2018.pdf,Khmer,0104000020887F00000100000001010000002E4762C7BDBE1D41BEB2E32DB97C3341
620,bus_line_10_no_20,186,20,បុរីប៉េ៉ងហួត,ខ្សែរថយន្តក្រុងទី ១០,Brochure_of_city_bus_stop__26.12.2018.pdf,Khmer,0104000020887F000001000000010100000068E27CAD5CC11D41FF0DA14EAA7C3341
621,bus_line_10_no_21,188,21,បុរីប៉េ៉ងហួត,ខ្សែរថយន្តក្រុងទី ១០,Brochure_of_city_bus_stop__26.12.2018.pdf,Khmer,0104000020887F00000100000001010000009159E2CD23C11D412E1CC05FA67C3341
622,bus_line_10_no_34,212,34,ព្រះវិហារយេស៊ូរគ្រឹស្ទ (ច្រមុះជ្រូកស្ទឹងមានជ័យ),ខ្សែរថយន្តក្រុងទី ១០,Brochure_of_city_bus_stop__26.12.2018.pdf,Khmer,0104000020887F00000100000001010000003E3DE458C9BD1D41066DE01ED4743341
623,bus_line_10_no_35,214,35,ព្រះវិហារយេស៊ូរគ្រឹស្ទ (ច្រមុះជ្រូកស្ទឹងមានជ័យ),ខ្សែរថយន្តក្រុងទី ១០,Brochure_of_city_bus_stop__26.12.2018.pdf,Khmer,0104000020887F000001000000010100000069EF8FD495BE1D411868B1B9BF743341
624,bus_line_10_no_32,208,32,សាលាអន្តរជាតិកម្ពុជា-​អូស្រ្តាលី,ខ្សែរថយន្តក្រុងទី ១០,Brochure_of_city_bus_stop__26.12.2018.pdf,Khmer,0104000020887F0000010000000101000000401DE61644BD1D419076FF2D3C753341
625,bus_line_10_no_33,210,33,សាលាអន្តរជាតិកម្ពុជា-​អូស្រ្តាលី,ខ្សែរថយន្តក្រុងទី ១០,Brochure_of_city_bus_stop__26.12.2018.pdf,Khmer,0104000020887F0000010000000101000000655313C611BD1D41F52B99D637753341
626,bus_line_10_no_30,204,30,នាយកដ្ឋានផលិតកម្ម និងបសុព្យាបាល,ខ្សែរថយន្តក្រុងទី ១០,Brochure_of_city_bus_stop__26.12.2018.pdf,Khmer,0104000020887F00000100000001010000007A6BEC9A5EBD1D41C07E2A42E0753341
627,bus_line_10_no_31,206,31,នាយកដ្ឋានផលិតកម្ម និងបសុព្យាបាល,ខ្សែរថយន្តក្រុងទី ១០,Brochure_of_city_bus_stop__26.12.2018.pdf,Khmer,0104000020887F00000100000001010000008C189C4709BD1D4149ECE60AD4753341
628,bus_line_10_no_28,198,28,ការ៉ាស់សាំង LHR ផ្លូវសឡា,ខ្សែរថយន្តក្រុងទី ១០,Brochure_of_city_bus_stop__26.12.2018.pdf,Khmer,0104000020887F00000100000001010000001081CE52EDBD1D41C4CCFD767D783341
629,bus_line_10_no_29,200,29,ការ៉ាស់សាំង LHR ផ្លូវសឡា,ខ្សែរថយន្តក្រុងទី ១០,Brochure_of_city_bus_stop__26.12.2018.pdf,Khmer,0104000020887F00000100000001010000003D1FAC87A9BD1D41E6236ACE84783341
630,bus_line_10_no_26,194,26,សាលាអន្តរជាតិិ FICAS,ខ្សែរថយន្តក្រុងទី ១០,Brochure_of_city_bus_stop__26.12.2018.pdf,Khmer,0104000020887F000001000000010100000011262625FCBE1D41D384B18E297A3341
631,bus_line_10_no_27,196,27,សាលាអន្តរជាតិិ FICAS,ខ្សែរថយន្តក្រុងទី ១០,Brochure_of_city_bus_stop__26.12.2018.pdf,Khmer,0104000020887F00000100000001010000007D5CD0057ABE1D41EE3CD4FA347A3341
632,bus_line_10_no_24,190,24,សាលាអន្តរជាតិប៊ែល,ខ្សែរថយន្តក្រុងទី ១០,Brochure_of_city_bus_stop__26.12.2018.pdf,Khmer,0104000020887F0000010000000101000000199DE9DEDCC11D4129C70677EB7B3341
633,bus_line_10_no_25,192,25,សាលាអន្តរជាតិប៊ែល,ខ្សែរថយន្តក្រុងទី ១០,Brochure_of_city_bus_stop__26.12.2018.pdf,Khmer,0104000020887F0000010000000101000000E40335C0ACC11D414E50A2A7EA7B3341
634,bus_line_10_no_36,216,22,មជ្ឈមណ្ឌលលាយថ្នាំពណ៌,ខ្សែរថយន្តក្រុងទី ១០,Brochure_of_city_bus_stop__26.12.2018.pdf,Khmer,0104000020887F0000010000000101000000BF5A2C45A0C21D41273C348053743341
635,bus_line_10_no_37,218,23,មជ្ឈមណ្ឌលលាយថ្នាំពណ៌,ខ្សែរថយន្តក្រុងទី ១០,Brochure_of_city_bus_stop__26.12.2018.pdf,Khmer,0104000020887F00000100000001010000002116231F4DC21D4189383F0941743341
636,bus_line_10_no_38,220,38,ច្រកចូូលសាលាសង្កាត់ស្ទឹងមានជ័យ២,ខ្សែរថយន្តក្រុងទី ១០,Brochure_of_city_bus_stop__26.12.2018.pdf,Khmer,0104000020887F00000100000001010000004CB4B79A15C41D418A42E6EF95723341
637,bus_line_10_no_39,222,39,ច្រកចូូលសាលាសង្កាត់ស្ទឹងមានជ័យ២,ខ្សែរថយន្តក្រុងទី ១០,Brochure_of_city_bus_stop__26.12.2018.pdf,Khmer,0104000020887F0000010000000101000000412C4AEFBBC31D4182C88B189E723341
638,bus_line_10_no_40,226,40,សាលាបឋមសិក្សាភូមិឬស្សី,ខ្សែរថយន្តក្រុងទី ១០,Brochure_of_city_bus_stop__26.12.2018.pdf,Khmer,0104000020887F0000010000000101000000D3BDC5362FC51D41C2A4DC092F713341
639,bus_line_10_no_41,228,41,ពិភពផ្គត់ផ្គង់ និងចែកចាយសំណង់,ខ្សែរថយន្តក្រុងទី ១០,Brochure_of_city_bus_stop__26.12.2018.pdf,Khmer,0104000020887F00000100000001010000000BF180A2D6C41D4130B0C1D635713341
640,bus_line_10_no_42,230,42,រោងចក្រផលិតទឹកស៊ីអ៉ីវផេងលី,ខ្សែរថយន្តក្រុងទី ១០,Brochure_of_city_bus_stop__26.12.2018.pdf,Khmer,0104000020887F0000010000000101000000C5F911C6CFC71D411BC627C703713341
641,bus_line_10_no_43,232,43,រោងចក្រផលិតទឹកស៊ីអ៉ីវផេងលី,ខ្សែរថយន្តក្រុងទី ១០,Brochure_of_city_bus_stop__26.12.2018.pdf,Khmer,0104000020887F000001000000010100000052A1656E7AC71D418503810DEE703341
642,bus_line_10_no_44,234,44,អាវីលីហ្សា,ខ្សែរថយន្តក្រុងទី ១០,Brochure_of_city_bus_stop__26.12.2018.pdf,Khmer,0104000020887F0000010000000101000000A1692901AACD1D418B35368DA4703341
643,bus_line_10_no_45,236,45,អាវីលីហ្សា,ខ្សែរថយន្តក្រុងទី ១០,Brochure_of_city_bus_stop__26.12.2018.pdf,Khmer,0104000020887F00000100000001010000003B42A17401CE1D41D209D41D86703341
644,bus_line_10_no_46,238,46,វត្តពោធិញាណ,ខ្សែរថយន្តក្រុងទី ១០,Brochure_of_city_bus_stop__26.12.2018.pdf,Khmer,0104000020887F000001000000010100000072B384CF97D41D410FF1189E23703341
645,bus_line_10_no_47,240,47,វត្តពោធិញាណ,ខ្សែរថយន្តក្រុងទី ១០,Brochure_of_city_bus_stop__26.12.2018.pdf,Khmer,0104000020887F000001000000010100000020EFDD269CD41D41BE63E9400C703341
646,bus_line_10_no_48,242,48,បុរីហាយលែនស៊ីធី,ខ្សែរថយន្តក្រុងទី ១០,Brochure_of_city_bus_stop__26.12.2018.pdf,Khmer,0104000020887F0000010000000101000000BB3E463223DB1D411C92196DA26F3341
647,bus_line_10_no_49,244,49,បុរីហាយលែនស៊ីធី,ខ្សែរថយន្តក្រុងទី ១០,Brochure_of_city_bus_stop__26.12.2018.pdf,Khmer,0104000020887F0000010000000101000000DC00B11F5DDB1D415F534CE5856F3341
648,bus_line_10_no_50,248,50,ការ៉ាស់សាំង Savimix,ខ្សែរថយន្តក្រុងទី ១០,Brochure_of_city_bus_stop__26.12.2018.pdf,Khmer,0104000020887F00000100000001010000003BDDBA09AAE31D41795BCB0D006F3341
649,bus_line_10_no_51,250,51,ការ៉ាស់សាំង Savimix,ខ្សែរថយន្តក្រុងទី ១០,Brochure_of_city_bus_stop__26.12.2018.pdf,Khmer,0104000020887F0000010000000101000000C9BCA09DC8E31D41B565E4BBDC6E3341
650,bus_line_10_no_52,252,52,ក្រុមហ៊ុនសុខកែវនិមល,ខ្សែរថយន្តក្រុងទី ១០,Brochure_of_city_bus_stop__26.12.2018.pdf,Khmer,0104000020887F0000010000000101000000F0485C898AED1D41A865D5846B6E3341
651,bus_line_10_no_53,254,53,ក្រុមហ៊ុនសុខកែវនិមល,ខ្សែរថយន្តក្រុងទី ១០,Brochure_of_city_bus_stop__26.12.2018.pdf,Khmer,0104000020887F0000010000000101000000BEBFAB4F14EE1D41FFAE13414F6E3341
652,bus_line_10_no_54,256,54,បុរីប៉េ៉ងហួតផ្លូវ ៣៧១,ខ្សែរថយន្តក្រុងទី ១០,Brochure_of_city_bus_stop__26.12.2018.pdf,Khmer,0104000020887F0000010000000101000000473493A7FBF51D417FF283A2236E3341
653,bus_line_10_no_55,258,55,បុរីប៉េ៉ងហួតផ្លូវ ៣៧១,ខ្សែរថយន្តក្រុងទី ១០,Brochure_of_city_bus_stop__26.12.2018.pdf,Khmer,0104000020887F0000010000000101000000C10B86C02BF61D41267989CF0C6E3341
654,bus_line_10_no_56,260,56,មជ្ឈមណ្ឌលមង្គលឧត្តម,ខ្សែរថយន្តក្រុងទី ១០,Brochure_of_city_bus_stop__26.12.2018.pdf,Khmer,0104000020887F00000100000001010000008349FE7C97FD1D41F4558017BC6F3341
655,bus_line_10_no_57,262,57,មជ្ឈមណ្ឌលមង្គលឧត្តម,ខ្សែរថយន្តក្រុងទី ១០,Brochure_of_city_bus_stop__26.12.2018.pdf,Khmer,0104000020887F0000010000000101000000235F6317FCFD1D410938C53DAB6F3341
656,bus_line_10_no_58,264,58,ផ្លូវបំបែក២៧១,ខ្សែរថយន្តក្រុងទី ១០,Brochure_of_city_bus_stop__26.12.2018.pdf,Khmer,0104000020887F0000010000000101000000DC8EF70503FE1D4105D22506FB703341
657,bus_line_10_no_59,266,59,ផ្លូវបំបែក២៧១,ខ្សែរថយន្តក្រុងទី ១០,Brochure_of_city_bus_stop__26.12.2018.pdf,Khmer,0104000020887F0000010000000101000000ACAC2D5D63FE1D4124345B6851713341
658,bus_line_10_no_60,270,60,ស្ថានីយ៍បូមទឹកបឹងត្របែក,ខ្សែរថយន្តក្រុងទី ១០,Brochure_of_city_bus_stop__26.12.2018.pdf,Khmer,0104000020887F00000100000001010000003E574DDC8C011E41CFA4BFAEE5713341
659,bus_line_10_no_61,272,61,ស្ថានីយ៍បូមទឹកបឹងត្របែក,ខ្សែរថយន្តក្រុងទី ១០,Brochure_of_city_bus_stop__26.12.2018.pdf,Khmer,0104000020887F0000010000000101000000901DA94B58011E41E444DCA8A6713341
660,bus_line_10_no_62,274,62,ស្ថានីយ៍ឧតុនិយម,ខ្សែរថយន្តក្រុងទី ១០,Brochure_of_city_bus_stop__26.12.2018.pdf,Khmer,0104000020887F0000010000000101000000D7B9F56044071E418AC3012D7D723341
661,bus_line_10_no_63,276,63,ស្ថានីយ៍ឧតុនិយម,ខ្សែរថយន្តក្រុងទី ១០,Brochure_of_city_bus_stop__26.12.2018.pdf,Khmer,0104000020887F00000100000001010000009CBDDA548A071E41512AA9CA52723341
662,bus_line_10_no_64,278,64,ស្ពានអាកាសក្បាលថ្នល់,ខ្សែរថយន្តក្រុងទី ១០,Brochure_of_city_bus_stop__26.12.2018.pdf,Khmer,0104000020887F0000010000000101000000C4F81E0E670D1E41459707F90B733341
663,bus_line_10_no_65,280,65,ស្ពានអាកាសក្បាលថ្នល់,ខ្សែរថយន្តក្រុងទី ១០,Brochure_of_city_bus_stop__26.12.2018.pdf,Khmer,0104000020887F0000010000000101000000CAA8EF02DB0C1E418C293CBCD6723341
664,bus_line_10_no_66,282,66,ផ្សារច្បារអំពៅ,ខ្សែរថយន្តក្រុងទី ១០,Brochure_of_city_bus_stop__26.12.2018.pdf,Khmer,0104000020887F00000100000001010000002F68C0CA3C181E41BE6A10C3BA733341
665,bus_line_10_no_67,284,67,ផ្សារច្បារអំពៅ,ខ្សែរថយន្តក្រុងទី ១០,Brochure_of_city_bus_stop__26.12.2018.pdf,Khmer,0104000020887F0000010000000101000000C2627C4F15191E418EED5E1099733341
666,bus_line_11_no_1,310,1,វត្តស្លែង,ខ្សែរថយន្តក្រុងទី ១១,Brochure_of_city_bus_stop__26.12.2018.pdf,Khmer,0104000020887F00000100000001010000003173E7A81B461D4131F9A42968553341
667,bus_line_11_no_2,332,2,សាលាសង្កាត់ពងទឹក,ខ្សែរថយន្តក្រុងទី ១១,Brochure_of_city_bus_stop__26.12.2018.pdf,Khmer,0104000020887F0000010000000101000000690576CA9A471D41A9726605C8553341
668,bus_line_11_no_3,354,3,សាលាសង្កាត់ពងទឹក,ខ្សែរថយន្តក្រុងទី ១១,Brochure_of_city_bus_stop__26.12.2018.pdf,Khmer,0104000020887F0000010000000101000000BA7E93D5CA471D41C004D9F5A4553341
669,bus_line_11_no_4,376,4,ភូមិ​ពងទឹក,ខ្សែរថយន្តក្រុងទី ១១,Brochure_of_city_bus_stop__26.12.2018.pdf,Khmer,0104000020887F00000100000001010000006CCF55EAD1521D41A7FF3EDCB8563341
670,bus_line_11_no_5,392,5,ភូមិ​ពងទឹក,ខ្សែរថយន្តក្រុងទី ១១,Brochure_of_city_bus_stop__26.12.2018.pdf,Khmer,0104000020887F0000010000000101000000891CCA709E521D41A15BD7F4A0563341
671,bus_line_11_no_6,394,6,ហាងម៉ាក់ស្រីគា,ខ្សែរថយន្តក្រុងទី ១១,Brochure_of_city_bus_stop__26.12.2018.pdf,Khmer,0104000020887F000001000000010100000085FFB25DBA5B1D41C8CB5B3C0C563341
672,bus_line_11_no_7,396,7,ហាងម៉ាក់ស្រីគា,ខ្សែរថយន្តក្រុងទី ១១,Brochure_of_city_bus_stop__26.12.2018.pdf,Khmer,0104000020887F0000010000000101000000E9D9357F535B1D41441FB97DFC553341
673,bus_line_11_no_8,398,8,ហៅវត្តព្រៃវែង,ខ្សែរថយន្តក្រុងទី ១១,Brochure_of_city_bus_stop__26.12.2018.pdf,Khmer,0104000020887F0000010000000101000000FECAD55C32681D41F472B570CF553341
674,bus_line_11_no_9,400,9,ហៅវត្តព្រៃវែង,ខ្សែរថយន្តក្រុងទី ១១,Brochure_of_city_bus_stop__26.12.2018.pdf,Khmer,0104000020887F00000100000001010000002ED4B82E48681D4136AA07E5B5553341
675,bus_line_11_no_10,312,10,សាលាសង្កាត់ព្រៃវែង,ខ្សែរថយន្តក្រុងទី ១១,Brochure_of_city_bus_stop__26.12.2018.pdf,Khmer,0104000020887F00000100000001010000007D4AB8ED9E701D4131E2A8657E563341
676,bus_line_11_no_11,314,11,សាលាសង្កាត់ព្រៃវែង,ខ្សែរថយន្តក្រុងទី ១១,Brochure_of_city_bus_stop__26.12.2018.pdf,Khmer,0104000020887F0000010000000101000000C2F55DBCD7701D418B66B39B5B563341
677,bus_line_11_no_12,316,12,វត្តរតនៈតេជ,ខ្សែរថយន្តក្រុងទី ១១,Brochure_of_city_bus_stop__26.12.2018.pdf,Khmer,0104000020887F0000010000000101000000A68AE6CED97A1D415E7753906F583341
678,bus_line_11_no_13,318,13,វត្តរតនៈតេជ,ខ្សែរថយន្តក្រុងទី ១១,Brochure_of_city_bus_stop__26.12.2018.pdf,Khmer,0104000020887F0000010000000101000000DEE51BA80C7C1D416A8177A078583341
679,bus_line_11_no_14,320,14,វត្តអង្គមេត្រី,ខ្សែរថយន្តក្រុងទី ១១,Brochure_of_city_bus_stop__26.12.2018.pdf,Khmer,0104000020887F0000010000000101000000790CD302E4821D416FD5DDE2865F3341
680,bus_line_11_no_15,322,15,វត្តអង្គមេត្រី,ខ្សែរថយន្តក្រុងទី ១១,Brochure_of_city_bus_stop__26.12.2018.pdf,Khmer,0104000020887F00000100000001010000007A0C9F5C51831D413365A906765F3341
681,bus_line_11_no_16,324,16,ផ្លូវបំបែកមជ្ឈមណ្ឌលព្រៃសរ,ខ្សែរថយន្តក្រុងទី ១១,Brochure_of_city_bus_stop__26.12.2018.pdf,Khmer,0104000020887F0000010000000101000000EA0D11FCF38D1D4185791A2C96613341
682,bus_line_11_no_17,326,17,ផ្លូវបំបែកមជ្ឈមណ្ឌលព្រៃសរ,ខ្សែរថយន្តក្រុងទី ១១,Brochure_of_city_bus_stop__26.12.2018.pdf,Khmer,0104000020887F0000010000000101000000459C0B33318E1D41CF75010F82613341
683,bus_line_11_no_18,328,18,ភូមិព្រៃសរខាងកើត,ខ្សែរថយន្តក្រុងទី ១១,Brochure_of_city_bus_stop__26.12.2018.pdf,Khmer,0104000020887F000001000000010100000098F19F430C951D41B41BD66E96623341
684,bus_line_11_no_19,330,19,ភូមិព្រៃសរខាងកើត,ខ្សែរថយន្តក្រុងទី ១១,Brochure_of_city_bus_stop__26.12.2018.pdf,Khmer,0104000020887F0000010000000101000000BF9285B640951D418D3F742B7A623341
685,bus_line_11_no_20,334,20,ឆេងគង់លក់គ្រឿងសង្ហារឹម,ខ្សែរថយន្តក្រុងទី ១១,Brochure_of_city_bus_stop__26.12.2018.pdf,Khmer,0104000020887F0000010000000101000000D57F65B302A31D41BF0B5C1976643341
686,bus_line_11_no_21,336,21,ឆេងគង់លក់គ្រឿងសង្ហារឹម,ខ្សែរថយន្តក្រុងទី ១១,Brochure_of_city_bus_stop__26.12.2018.pdf,Khmer,0104000020887F000001000000010100000017AF95AF31A31D412F84AB775B643341
687,bus_line_11_no_22,338,22,វត្តឬស្សីសាញ,ខ្សែរថយន្តក្រុងទី ១១,Brochure_of_city_bus_stop__26.12.2018.pdf,Khmer,0104000020887F0000010000000101000000CA67203ED9AB1D41AEA3D185A1653341
688,bus_line_11_no_23,340,23,វត្តឬស្សីសាញ,ខ្សែរថយន្តក្រុងទី ១១,Brochure_of_city_bus_stop__26.12.2018.pdf,Khmer,0104000020887F000001000000010100000043D514199EAC1D41F2D5F0A790653341
689,bus_line_11_no_24,342,24,ផ្សារពិភពថ្មី II,ខ្សែរថយន្តក្រុងទី ១១,Brochure_of_city_bus_stop__26.12.2018.pdf,Khmer,0104000020887F0000010000000101000000CD701040FBBB1D416E92A5D2C1673341
690,bus_line_11_no_25,344,25,ផ្សារពិភពថ្មី II,ខ្សែរថយន្តក្រុងទី ១១,Brochure_of_city_bus_stop__26.12.2018.pdf,Khmer,0104000020887F0000010000000101000000C474932EF5BC1D41980E8BBFC2673341
691,bus_line_11_no_26,346,26,ផ្សារចំការដូង,ខ្សែរថយន្តក្រុងទី ១១,Brochure_of_city_bus_stop__26.12.2018.pdf,Khmer,0104000020887F00000100000001010000006C22E56A3DC81D4123E960D262693341
692,bus_line_11_no_27,348,27,ផ្សារចំការដូង,ខ្សែរថយន្តក្រុងទី ១១,Brochure_of_city_bus_stop__26.12.2018.pdf,Khmer,0104000020887F0000010000000101000000958D3DCF7CC81D41C501126344693341
693,bus_line_11_no_33,362,33,សាលាបឋមសិក្សា និងអនុវិទ្យាល័យដង្កោ,ខ្សែរថយន្តក្រុងទី ១១,Brochure_of_city_bus_stop__26.12.2018.pdf,Khmer,0104000020887F00000100000001010000009BEC831B69CA1D416633FC133A6A3341
694,bus_line_11_no_32,360,32,សាលាបឋមសិក្សា និងអនុវិទ្យាល័យដង្កោ,ខ្សែរថយន្តក្រុងទី ១១,Brochure_of_city_bus_stop__26.12.2018.pdf,Khmer,0104000020887F0000010000000101000000A6510CEACCCA1D4165EBA89C3A6A3341
695,bus_line_11_no_35,366,35,បុរីពិភពថ្មីចំការដូង,ខ្សែរថយន្តក្រុងទី ១១,Brochure_of_city_bus_stop__26.12.2018.pdf,Khmer,0104000020887F0000010000000101000000AAE66FCA32C91D414247C07FB86B3341
696,bus_line_11_no_34,364,34,បុរីពិភពថ្មីចំការដូង,ខ្សែរថយន្តក្រុងទី ១១,Brochure_of_city_bus_stop__26.12.2018.pdf,Khmer,0104000020887F000001000000010100000051928065A2C91D41A5B536BED46B3341
697,bus_line_11_no_37,370,37,វត្តសំបួរមាស,ខ្សែរថយន្តក្រុងទី ១១,Brochure_of_city_bus_stop__26.12.2018.pdf,Khmer,0104000020887F00000100000001010000002000E4A631C71D419486B8260D6E3341
698,bus_line_11_no_36,368,36,វត្តសំបួរមាស,ខ្សែរថយន្តក្រុងទី ១១,Brochure_of_city_bus_stop__26.12.2018.pdf,Khmer,0104000020887F00000100000001010000003524CFF21FC81D41703DEE8FB46D3341
699,bus_line_11_no_39,374,39,បុរីឡាយគង់,ខ្សែរថយន្តក្រុងទី ១១,Brochure_of_city_bus_stop__26.12.2018.pdf,Khmer,0104000020887F000001000000010100000084CDACD594C51D412E092C3D44703341
700,bus_line_11_no_38,372,38,បុរីឡាយគង់,ខ្សែរថយន្តក្រុងទី ១១,Brochure_of_city_bus_stop__26.12.2018.pdf,Khmer,0104000020887F00000100000001010000004E32A8B4B1C51D4121720B67AB703341
701,bus_line_11_no_41,380,41,ពិភពផ្គត់ផ្គង់ និងចែកចាយសំណង់,ខ្សែរថយន្តក្រុងទី ១១,Brochure_of_city_bus_stop__26.12.2018.pdf,Khmer,0104000020887F0000010000000101000000ED4E8D2ED7C41D41EE2C84F935713341
702,bus_line_11_no_40,378,40,ពិភពផ្គត់ផ្គង់ និងចែកចាយសំណង់,ខ្សែរថយន្តក្រុងទី ១១,Brochure_of_city_bus_stop__26.12.2018.pdf,Khmer,0104000020887F00000100000001010000008FEA65A922C51D419F9037343F713341
703,bus_line_11_no_43,384,43,​ច្រកចូលសាលាសង្កាត់ស្ទឹងមានជ័យ ២,ខ្សែរថយន្តក្រុងទី ១១,Brochure_of_city_bus_stop__26.12.2018.pdf,Khmer,0104000020887F0000010000000101000000EADC1567BBC31D41B268E677A7723341
704,bus_line_11_no_42,382,42,​ច្រកចូលសាលាសង្កាត់ស្ទឹងមានជ័យ ២,ខ្សែរថយន្តក្រុងទី ១១,Brochure_of_city_bus_stop__26.12.2018.pdf,Khmer,0104000020887F000001000000010100000016C9E4E012C41D41B01C1E3C9B723341
705,bus_line_11_no_45,388,45,បុរីប៉េងហួត,ខ្សែរថយន្តក្រុងទី ១១,Brochure_of_city_bus_stop__26.12.2018.pdf,Khmer,0104000020887F000001000000010100000023231FF347C21D4120D1A8804F743341
706,bus_line_11_no_44,386,44,បុរីប៉េងហួត,ខ្សែរថយន្តក្រុងទី ១១,Brochure_of_city_bus_stop__26.12.2018.pdf,Khmer,0104000020887F00000100000001010000006ED671698DC21D414237B94158743341
707,bus_line_11_no_46,390,46,ច្រមុះជ្រូកស្ទឹងមានជ័យ,ខ្សែរថយន្តក្រុងទី ១១,Brochure_of_city_bus_stop__26.12.2018.pdf,Khmer,0104000020887F00000100000001010000003D9E3A5DC3BE1D412C6394CCC5743341
708,bus_line_11_no_30,356,30,សាលាសង្កាត់ដង្កោ,ខ្សែរថយន្តក្រុងទី ១១,Brochure_of_city_bus_stop__26.12.2018.pdf,Khmer,0104000020887F0000010000000101000000FE7FA4E295CC1D419B3E60FC3A683341
709,bus_line_11_no_31,358,31,សាលាសង្កាត់ដង្កោ,ខ្សែរថយន្តក្រុងទី ១១,Brochure_of_city_bus_stop__26.12.2018.pdf,Khmer,0104000020887F000001000000010100000020AEC24DF8CB1D4130BB65EC07683341
710,bus_line_11_no_28,350,28,វិទ្យាល័យទួលអំពិល,ខ្សែរថយន្តក្រុងទី ១១,Brochure_of_city_bus_stop__26.12.2018.pdf,Khmer,0104000020887F0000010000000101000000C9F4197DFECD1D416BBE4419E5653341
711,bus_line_11_no_29,352,29,វិទ្យាល័យទួលអំពិល,ខ្សែរថយន្តក្រុងទី ១១,Brochure_of_city_bus_stop__26.12.2018.pdf,Khmer,0104000020887F0000010000000101000000089352DF82CD1D41CE9589F8D9653341
712,bus_line_12_no_1,402,1,រាជាយស្ម័យយានកម្ពុជា,ខ្សែរថយន្តក្រុងទី ១២,Brochure_of_city_bus_stop__26.12.2018.pdf,Khmer,0104000020887F0000010000000101000000BE060F3321F71D416CE24C2D38853341
713,bus_line_12_no_2,424,2,ផ្សារធំថ្មី,ខ្សែរថយន្តក្រុងទី ១២,Brochure_of_city_bus_stop__26.12.2018.pdf,Khmer,0104000020887F000001000000010100000078CBBF2873FF1D412B5CFCD66F843341
714,bus_line_12_no_4,468,4,ផ្សារសូរិយា,ខ្សែរថយន្តក្រុងទី ១២,Brochure_of_city_bus_stop__26.12.2018.pdf,Khmer,0104000020887F000001000000010100000056D990D45AFE1D41634D0A0112833341
715,bus_line_12_no_6,502,6,វត្តកោះ,ខ្សែរថយន្តក្រុងទី ១២,Brochure_of_city_bus_stop__26.12.2018.pdf,Khmer,0104000020887F0000010000000101000000858632EA60FF1D41F57B4927C4813341
716,bus_line_12_no_8,506,8,ភោជនីយដ្ឋានជប៉ុនរ៉ុគុ,ខ្សែរថយន្តក្រុងទី ១២,Brochure_of_city_bus_stop__26.12.2018.pdf,Khmer,0104000020887F00000100000001010000005DFC9C9B51001E419505D85733803341
717,bus_line_12_no_10,404,10,អប្សរាលក់គ្រឿងសម្ភារៈ,ខ្សែរថយន្តក្រុងទី ១២,Brochure_of_city_bus_stop__26.12.2018.pdf,Khmer,0104000020887F0000010000000101000000D02B614FC2001E41C6EEEBA77B7F3341
718,bus_line_12_no_12,408,12,ភោជនីីយដ្ឋាន ស៊ីនហាវ,ខ្សែរថយន្តក្រុងទី ១២,Brochure_of_city_bus_stop__26.12.2018.pdf,Khmer,0104000020887F00000100000001010000002976998D33011E417EB9D005A17E3341
719,bus_line_12_no_16,416,16,ផ្សារថៃហួត,ខ្សែរថយន្តក្រុងទី ១២,Brochure_of_city_bus_stop__26.12.2018.pdf,Khmer,0104000020887F00000100000001010000000CD0893853031E4187783C2A397B3341
720,bus_line_12_no_18,420,18,វិទ្យាល័យបឹងកេងកង,ខ្សែរថយន្តក្រុងទី ១២,Brochure_of_city_bus_stop__26.12.2018.pdf,Khmer,0104000020887F0000010000000101000000D99517310D021E415DA8DCC5BC7A3341
721,bus_line_12_no_20,426,20,ម័រដឺន អុបទិក,ខ្សែរថយន្តក្រុងទី ១២,Brochure_of_city_bus_stop__26.12.2018.pdf,Khmer,0104000020887F0000010000000101000000C247DD2C9FFF1D41D795C2B1A77A3341
722,bus_line_12_no_22,430,22,ស្តុបមេភ្លើង,ខ្សែរថយន្តក្រុងទី ១២,Brochure_of_city_bus_stop__26.12.2018.pdf,Khmer,0104000020887F0000010000000101000000EB8F3E1D1DFE1D41040DFF689A7A3341
723,bus_line_12_no_24,434,24,សារមន្ទីរឧក្រិដ្ឋកម្មប្រល័យពូជសាសន៍ទួលស្លែង,ខ្សែរថយន្តក្រុងទី ១២,Brochure_of_city_bus_stop__26.12.2018.pdf,Khmer,0104000020887F0000010000000101000000DC626914E9F81D4195AE9DCF917A3341
724,bus_line_12_no_26,438,26,ប៉ារ៉ាឌី កាត់ដេរ II,ខ្សែរថយន្តក្រុងទី ១២,Brochure_of_city_bus_stop__26.12.2018.pdf,Khmer,0104000020887F0000010000000101000000E0169805F6F11D41502679BF837A3341
725,bus_line_12_no_28,442,28,ស្តុប៣១០,ខ្សែរថយន្តក្រុងទី ១២,Brochure_of_city_bus_stop__26.12.2018.pdf,Khmer,0104000020887F0000010000000101000000AA9B408188F11D41D1E02682C87B3341
726,bus_line_12_no_30,448,30,សាកលវិទ្យាល័យធនធានមនុស្ស,ខ្សែរថយន្តក្រុងទី ១២,Brochure_of_city_bus_stop__26.12.2018.pdf,Khmer,0104000020887F000001000000010100000053554C056FF11D41BE7FA71D7B7C3341
727,bus_line_12_no_32,452,32,វត្តមហាមន្រ្តី,ខ្សែរថយន្តក្រុងទី ១២,Brochure_of_city_bus_stop__26.12.2018.pdf,Khmer,0104000020887F0000010000000101000000EA1A1313A7F11D41DE6006A3637D3341
728,bus_line_12_no_34,456,34,ធនាគារកាណាឌីយ៉ា,ខ្សែរថយន្តក្រុងទី ១២,Brochure_of_city_bus_stop__26.12.2018.pdf,Khmer,0104000020887F0000010000000101000000CB242970EAEC1D418506BE7FE17D3341
729,bus_line_12_no_36,460,36,ហាងឡាក់គីផ្ការស្រស់,ខ្សែរថយន្តក្រុងទី ១២,Brochure_of_city_bus_stop__26.12.2018.pdf,Khmer,0104000020887F000001000000010100000041960CDC53EA1D4108037F5F4C7E3341
730,bus_line_12_no_38,464,38,ស្តុុបអាងទឹកអូឡាំពិក,ខ្សែរថយន្តក្រុងទី ១២,Brochure_of_city_bus_stop__26.12.2018.pdf,Khmer,0104000020887F000001000000010100000073F36C5918E81D418F81415FC97E3341
731,bus_line_12_no_40,470,40,ធនាគារពាណិជ្ជកម្មទី ១,ខ្សែរថយន្តក្រុងទី ១២,Brochure_of_city_bus_stop__26.12.2018.pdf,Khmer,0104000020887F0000010000000101000000600A4A03A5E61D41631A7B71A5803341
732,bus_line_12_no_42,474,42,ផ្សារដេប៉ូ,ខ្សែរថយន្តក្រុងទី ១២,Brochure_of_city_bus_stop__26.12.2018.pdf,Khmer,0104000020887F00000100000001010000003D20C2603DE61D41419AE27B68813341
733,bus_line_12_no_44,478,44,ហេងមីហួ,ខ្សែរថយន្តក្រុងទី ១២,Brochure_of_city_bus_stop__26.12.2018.pdf,Khmer,0104000020887F000001000000010100000016E877EECBE51D41E4D83FCC41823341
734,bus_line_12_no_46,482,46,KTV ដឺអឹម,ខ្សែរថយន្តក្រុងទី ១២,Brochure_of_city_bus_stop__26.12.2018.pdf,Khmer,0104000020887F000001000000010100000017BD8EF73DE51D41E917B909A9833341
735,bus_line_12_no_48,486,48,ក្រសួងការពារជាតិ,ខ្សែរថយន្តក្រុងទី ១២,Brochure_of_city_bus_stop__26.12.2018.pdf,Khmer,0104000020887F000001000000010100000023DA8FCBA3E61D411001AD9D63843341
736,bus_line_12_no_50,492,50,ក្រសួងអភិវឌ្ឍន៍ជនបទ,ខ្សែរថយន្តក្រុងទី ១២,Brochure_of_city_bus_stop__26.12.2018.pdf,Khmer,0104000020887F00000100000001010000001D690B5B27EE1D41DC615FC686843341
737,bus_line_12_no_14,412,14,អប្សរាលក់គ្រឿងសំណង់ អគ្គិសនី,ខ្សែរថយន្តក្រុងទី ១២,Brochure_of_city_bus_stop__26.12.2018.pdf,Khmer,0104000020887F00000100000001010000000DD49DF38C021E41BF93E9B9887C3341
738,bus_line_12_no_3,446,3,ក្រសួងអភិវឌ្ឍន៍ជនបទ,ខ្សែរថយន្តក្រុងទី ១២,Brochure_of_city_bus_stop__26.12.2018.pdf,Khmer,0104000020887F0000010000000101000000DE94447734EE1D415269D1FE7C843341
739,bus_line_12_no_5,490,5,ក្រសួងការពារជាតិ,ខ្សែរថយន្តក្រុងទី ១២,Brochure_of_city_bus_stop__26.12.2018.pdf,Khmer,0104000020887F0000010000000101000000E7EC92ED99E61D41C06C480F50843341
740,bus_line_12_no_7,504,7,ខេ ធី វី ដឹអឹម,ខ្សែរថយន្តក្រុងទី ១២,Brochure_of_city_bus_stop__26.12.2018.pdf,Khmer,0104000020887F000001000000010100000049943B2C92E51D41DC7B53BFAB833341
741,bus_line_12_no_9,508,9,ហេងមីហួ,ខ្សែរថយន្តក្រុងទី ១២,Brochure_of_city_bus_stop__26.12.2018.pdf,Khmer,0104000020887F0000010000000101000000280EFA323BE61D41228C161C41823341
742,bus_line_12_no_11,406,11,ផ្សារដេប៉ូ,ខ្សែរថយន្តក្រុងទី ១២,Brochure_of_city_bus_stop__26.12.2018.pdf,Khmer,0104000020887F0000010000000101000000EE7C5D04B1E61D41DBEB421465813341
743,bus_line_12_no_13,410,13,ធនាគារពាណិជ្ជកម្មទី ១,ខ្សែរថយន្តក្រុងទី ១២,Brochure_of_city_bus_stop__26.12.2018.pdf,Khmer,0104000020887F0000010000000101000000E01AE62A2AE71D41B337F1E3AF803341
744,bus_line_12_no_15,414,15,ស្តុុបអាងទឹកអូឡាំពិក,ខ្សែរថយន្តក្រុងទី ១២,Brochure_of_city_bus_stop__26.12.2018.pdf,Khmer,0104000020887F000001000000010100000034E2B73984E81D411D07037ADA7E3341
745,bus_line_12_no_17,418,17,ហាងឡាក់គីផ្ការស្រស់,ខ្សែរថយន្តក្រុងទី ១២,Brochure_of_city_bus_stop__26.12.2018.pdf,Khmer,0104000020887F0000010000000101000000F9D335BC99EA1D411E0A3A915E7E3341
746,bus_line_12_no_19,422,19,ធនាគារកាណាឌីយ៉ា,ខ្សែរថយន្តក្រុងទី ១២,Brochure_of_city_bus_stop__26.12.2018.pdf,Khmer,0104000020887F000001000000010100000097832112F3EC1D41AD8FE022F27D3341
747,bus_line_12_no_21,428,21,វត្តមហាមន្រ្តី,ខ្សែរថយន្តក្រុងទី ១២,Brochure_of_city_bus_stop__26.12.2018.pdf,Khmer,0104000020887F00000100000001010000005025F9E103F21D417BA057015B7D3341
748,bus_line_12_no_23,432,23,សកលវិទ្យាល័យធនធានមនុស្ស,ខ្សែរថយន្តក្រុងទី ១២,Brochure_of_city_bus_stop__26.12.2018.pdf,Khmer,0104000020887F0000010000000101000000549763D8CBF11D4169ACE5857F7C3341
749,bus_line_12_no_25,436,25,ស្តុប៣១០,ខ្សែរថយន្តក្រុងទី ១២,Brochure_of_city_bus_stop__26.12.2018.pdf,Khmer,0104000020887F000001000000010100000070FE6E3FEAF11D4181EB2010CA7B3341
750,bus_line_12_no_27,440,27,ប៉ារ៉ាឌី កាត់ដេរ II,ខ្សែរថយន្តក្រុងទី ១២,Brochure_of_city_bus_stop__26.12.2018.pdf,Khmer,0104000020887F0000010000000101000000177EB3C60BF21D415DAA4F4C937A3341
751,bus_line_12_no_29,444,29,សារមន្ទីរឧក្រឹដ្ឋកម្មប្រល័យពូជសាសន៍ទួលស្លែង,ខ្សែរថយន្តក្រុងទី ១២,Brochure_of_city_bus_stop__26.12.2018.pdf,Khmer,0104000020887F0000010000000101000000F25640AEE8F81D41064459749B7A3341
752,bus_line_12_no_31,450,31,ស្តុបមេភ្លើង,ខ្សែរថយន្តក្រុងទី ១២,Brochure_of_city_bus_stop__26.12.2018.pdf,Khmer,0104000020887F0000010000000101000000E5A98A8111FE1D4169332ACDA47A3341
753,bus_line_12_no_33,454,33,ម័រឌឺន អុបទិក,ខ្សែរថយន្តក្រុងទី ១២,Brochure_of_city_bus_stop__26.12.2018.pdf,Khmer,0104000020887F000001000000010100000023EE546191FF1D410634A98FB27A3341
754,bus_line_12_no_35,458,35,វិទ្យាល័យបឹងកេងកង,ខ្សែរថយន្តក្រុងទី ១២,Brochure_of_city_bus_stop__26.12.2018.pdf,Khmer,0104000020887F0000010000000101000000C4BDE6F402021E4176DBE823CD7A3341
755,bus_line_12_no_37,462,37,ផ្សារថៃហួត,ខ្សែរថយន្តក្រុងទី ១២,Brochure_of_city_bus_stop__26.12.2018.pdf,Khmer,0104000020887F00000100000001010000003D90EE25FF021E41D2C957E1377B3341
756,bus_line_12_no_39,466,39,ក្រុមហ៊ុ៊ុនអាស៊ីអាគ្នេយ៍,ខ្សែរថយន្តក្រុងទី ១២,Brochure_of_city_bus_stop__26.12.2018.pdf,Khmer,0104000020887F000001000000010100000035819D3135021E4153AFE5FD8B7C3341
757,bus_line_12_no_41,472,41,សាលាបឋមសិក្សាអនុវត្ត,ខ្សែរថយន្តក្រុងទី ១២,Brochure_of_city_bus_stop__26.12.2018.pdf,Khmer,0104000020887F0000010000000101000000EA503DE806061E41AB2CB1A3877E3341
758,bus_line_12_no_43,476,43,ការ៉ាស់សាំង PTT,ខ្សែរថយន្តក្រុងទី ១២,Brochure_of_city_bus_stop__26.12.2018.pdf,Khmer,0104000020887F0000010000000101000000C84E38312D051E41761BD43A4F7F3341
759,bus_line_12_no_45,480,45,ធានាគារហុងលីអុង,ខ្សែរថយន្តក្រុងទី ១២,Brochure_of_city_bus_stop__26.12.2018.pdf,Khmer,0104000020887F0000010000000101000000CB309CA332041E41F42E5EE12D803341
760,bus_line_12_no_47,484,47,កាហ្វេ BUBBLE,ខ្សែរថយន្តក្រុងទី ១២,Brochure_of_city_bus_stop__26.12.2018.pdf,Khmer,0104000020887F0000010000000101000000780D6CF18C031E41C4AD4F48BC803341
761,bus_line_12_no_49,488,49,បឋមសិក្សាដូនពេញ,ខ្សែរថយន្តក្រុងទី ១២,Brochure_of_city_bus_stop__26.12.2018.pdf,Khmer,0104000020887F0000010000000101000000154F35EDA7021E410EC7AF6381813341
762,bus_line_12_no_51,494,51,ផ្សារ Pub Street,ខ្សែរថយន្តក្រុងទី ១២,Brochure_of_city_bus_stop__26.12.2018.pdf,Khmer,0104000020887F0000010000000101000000446301BAF9011E41F19B4DF78F823341
763,bus_line_12_no_53,496,53,ក្រសួងរ៉ែ និងថាមពល,ខ្សែរថយន្តក្រុងទី ១២,Brochure_of_city_bus_stop__26.12.2018.pdf,Khmer,0104000020887F0000010000000101000000F18B3E8793011E419C66E9773A833341
764,bus_line_12_no_55,498,55,ផ្សារតាប៉ាង,ខ្សែរថយន្តក្រុងទី ១២,Brochure_of_city_bus_stop__26.12.2018.pdf,Khmer,0104000020887F00000100000001010000000353339A28011E4181D703E6EE833341
765,bus_line_12_no_57,500,57,ក្រោយពេទ្យអង្គឌួង,ខ្សែរថយន្តក្រុងទី ១២,Brochure_of_city_bus_stop__26.12.2018.pdf,Khmer,0104000020887F0000010000000101000000C4A481C499001E41013E0DFCD0843341
766,bus_line_13_no_1,510,1,រង្វង់មូលកួចកាណុង,ខ្សែរថយន្តក្រុងទី ១៣,Brochure_of_city_bus_stop__26.12.2018.pdf,Khmer,0104000020887F0000010000000101000000D5ADA23A41F51D4158629AAC7C8A3341
767,bus_line_13_no_10,512,10,វិទ្យាល័យបាក់ទូក,ខ្សែរថយន្តក្រុងទី ១៣,Brochure_of_city_bus_stop__26.12.2018.pdf,Khmer,0104000020887F000001000000010100000003266149A8ED1D4108FAC6EFF8823341
768,bus_line_13_no_11,514,11,វិទ្យាល័យបាក់ទូក,ខ្សែរថយន្តក្រុងទី ១៣,Brochure_of_city_bus_stop__26.12.2018.pdf,Khmer,0104000020887F00000100000001010000002EA013F881ED1D41C6B182C3D5823341
769,bus_line_13_no_12,516,12,សាលាអន្តរជាតិ អេស​ អាយ​ អេស,ខ្សែរថយន្តក្រុងទី ១៣,Brochure_of_city_bus_stop__26.12.2018.pdf,Khmer,0104000020887F00000100000001010000003C5A90077CEE1D41896D2D10B1813341
770,bus_line_13_no_13,518,13,សាលាអន្តរជាតិ អេស​ អាយ​ អេស,ខ្សែរថយន្តក្រុងទី ១៣,Brochure_of_city_bus_stop__26.12.2018.pdf,Khmer,0104000020887F0000010000000101000000994B34AF31EE1D416A2FFC60BE813341
771,bus_line_13_no_14,520,14,សាលាបឋមសិក្សាសំពៅមាស,ខ្សែរថយន្តក្រុងទី ១៣,Brochure_of_city_bus_stop__26.12.2018.pdf,Khmer,0104000020887F000001000000010100000001CF3EFDA4F11D4104CB4FB8D1803341
772,bus_line_13_no_15,522,15,សាលាបឋមសិក្សាសំពៅមាស,ខ្សែរថយន្តក្រុងទី ១៣,Brochure_of_city_bus_stop__26.12.2018.pdf,Khmer,0104000020887F000001000000010100000091EEF5C5A2F11D4169C100D1B9803341
773,bus_line_13_no_16,524,16,ស្កាយ វីឡា,ខ្សែរថយន្តក្រុងទី ១៣,Brochure_of_city_bus_stop__26.12.2018.pdf,Khmer,0104000020887F0000010000000101000000DFD453FA1DF31D41A85294FCDE7F3341
774,bus_line_13_no_17,526,17,ស្កាយ វីឡា,ខ្សែរថយន្តក្រុងទី ១៣,Brochure_of_city_bus_stop__26.12.2018.pdf,Khmer,0104000020887F00000100000001010000005C33253EACF21D41D7CA4ABCDB7F3341
775,bus_line_13_no_18,528,18,វត្តមហាមន្ត្រី,ខ្សែរថយន្តក្រុងទី ១៣,Brochure_of_city_bus_stop__26.12.2018.pdf,Khmer,0104000020887F0000010000000101000000B8BCF4D2C9F21D4127D75E9C407E3341
776,bus_line_13_no_19,530,19,វត្តមហាមន្ត្រី,ខ្សែរថយន្តក្រុងទី ១៣,Brochure_of_city_bus_stop__26.12.2018.pdf,Khmer,0104000020887F00000100000001010000002AC6BC076FF21D41F68F689D2A7E3341
777,bus_line_13_no_20,534,20,សកលវិទ្យាល័័យធនធានមនុស្ស,ខ្សែរថយន្តក្រុងទី ១៣,Brochure_of_city_bus_stop__26.12.2018.pdf,Khmer,0104000020887F0000010000000101000000BD25832A0AF21D41D139DA03577D3341
778,bus_line_13_no_21,536,21,សកលវិទ្យាល័័យធនធានមនុស្ស,ខ្សែរថយន្តក្រុងទី ១៣,Brochure_of_city_bus_stop__26.12.2018.pdf,Khmer,0104000020887F0000010000000101000000FC347E009FF11D41CB7AE08A5D7D3341
779,bus_line_13_no_22,538,22,ស្តុបផ្លូវ៣១០,ខ្សែរថយន្តក្រុងទី ១៣,Brochure_of_city_bus_stop__26.12.2018.pdf,Khmer,0104000020887F000001000000010100000029EEA538D3F11D41B6EBC1B77A7C3341
780,bus_line_13_no_23,540,23,ស្តុបផ្លូវ៣១០,ខ្សែរថយន្តក្រុងទី ១៣,Brochure_of_city_bus_stop__26.12.2018.pdf,Khmer,0104000020887F0000010000000101000000F980CFB26FF11D41C54F0761767C3341
781,bus_line_13_no_24,542,24,ស្តុប៣៦០,ខ្សែរថយន្តក្រុងទី ១៣,Brochure_of_city_bus_stop__26.12.2018.pdf,Khmer,0104000020887F00000100000001010000005B0D9A3FEDF11D412E887171C47B3341
782,bus_line_13_no_25,544,25,ស្តុប៣៦០,ខ្សែរថយន្តក្រុងទី ១៣,Brochure_of_city_bus_stop__26.12.2018.pdf,Khmer,0104000020887F00000100000001010000001BFD52A288F11D41B90C0E47C27B3341
783,bus_line_13_no_26,546,26,ក្រុមហ៊ុ៊ុន Fresh Pizza,ខ្សែរថយន្តក្រុងទី ១៣,Brochure_of_city_bus_stop__26.12.2018.pdf,Khmer,0104000020887F000001000000010100000050E0930A06F21D41C40CFCD0987A3341
784,bus_line_13_no_27,548,27,ក្រុមហ៊ុ៊ុន Fresh Pizza,ខ្សែរថយន្តក្រុងទី ១៣,Brochure_of_city_bus_stop__26.12.2018.pdf,Khmer,0104000020887F00000100000001010000009B17874AB7F11D4116C040AC907A3341
785,bus_line_13_no_28,550,28,ស្តុបទន្លេបាសាក់,ខ្សែរថយន្តក្រុងទី ១៣,Brochure_of_city_bus_stop__26.12.2018.pdf,Khmer,0104000020887F00000100000001010000002C07B55610F21D41B52F42ED84783341
786,bus_line_13_no_29,552,29,ស្តុបទន្លេបាសាក់,ខ្សែរថយន្តក្រុងទី ១៣,Brochure_of_city_bus_stop__26.12.2018.pdf,Khmer,0104000020887F0000010000000101000000F5B05DFBD1F11D411F73E4A174783341
787,bus_line_13_no_30,556,30,ផ្សារទួលទំពូង,ខ្សែរថយន្តក្រុងទី ១៣,Brochure_of_city_bus_stop__26.12.2018.pdf,Khmer,0104000020887F00000100000001010000002A5948A43BF21D41100DD80414773341
788,bus_line_13_no_31,558,31,ផ្សារទួលទំពូង,ខ្សែរថយន្តក្រុងទី ១៣,Brochure_of_city_bus_stop__26.12.2018.pdf,Khmer,0104000020887F000001000000010100000027E3285A09F21D4111363F3C23773341
789,bus_line_13_no_32,560,32,សាលារៀនសុវណ្ណភូមិ,ខ្សែរថយន្តក្រុងទី ១៣,Brochure_of_city_bus_stop__26.12.2018.pdf,Khmer,0104000020887F00000100000001010000009D63E79F56F21D41F4A085ECE8753341
790,bus_line_13_no_33,562,33,សាលារៀនសុវណ្ណភូមិ,ខ្សែរថយន្តក្រុងទី ១៣,Brochure_of_city_bus_stop__26.12.2018.pdf,Khmer,0104000020887F0000010000000101000000E2C56E1A28F21D413EB09CD5C6753341
791,bus_line_13_no_34,564,34,មជ្ឈមណ្ឌលអូស្រ្តាលីសម្រាប់ការបណ្តុះបណ្តាល,ខ្សែរថយន្តក្រុងទី ១៣,Brochure_of_city_bus_stop__26.12.2018.pdf,Khmer,0104000020887F0000010000000101000000AFB3A9726EF21D41665569BF22753341
792,bus_line_13_no_35,566,35,មជ្ឈមណ្ឌលអូស្រ្តាលីសម្រាប់ការបណ្តុះបណ្តាល,ខ្សែរថយន្តក្រុងទី ១៣,Brochure_of_city_bus_stop__26.12.2018.pdf,Khmer,0104000020887F0000010000000101000000CA5261A624F21D413417AC2037753341
793,bus_line_13_no_36,568,36,វិទ្យាល័យផ្សារដើមថ្កូវ,ខ្សែរថយន្តក្រុងទី ១៣,Brochure_of_city_bus_stop__26.12.2018.pdf,Khmer,0104000020887F0000010000000101000000B10825C580F21D41FEF0DFED40743341
794,bus_line_13_no_37,570,37,វិទ្យាល័យផ្សារដើមថ្កូវ,ខ្សែរថយន្តក្រុងទី ១៣,Brochure_of_city_bus_stop__26.12.2018.pdf,Khmer,0104000020887F0000010000000101000000963931294BF21D41C2CDBCE730743341
795,bus_line_13_no_38,572,38,រង្វង់មូលផ្សារដើមថ្កូវ,ខ្សែរថយន្តក្រុងទី ១៣,Brochure_of_city_bus_stop__26.12.2018.pdf,Khmer,0104000020887F00000100000001010000001FD27EA663F21D41FE628F27CE733341
796,bus_line_9_no_1,1646,1,បុរីសន្តិភាព ២,ខ្សែរថយន្តក្រុងទី ៩,Brochure_of_city_bus_stop__26.12.2018.pdf,Khmer,0104000020887F0000010000000101000000B0297C89B3651D41D3EE71D4C6663341
797,bus_line_9_no_3,1690,3,រោងចក្រក្រដាស ហ័រ ចេង,ខ្សែរថយន្តក្រុងទី ៩,Brochure_of_city_bus_stop__26.12.2018.pdf,Khmer,0104000020887F000001000000010100000066A64B53AD5D1D41347BA823AE663341
798,bus_line_9_no_2,1668,2,រោងចក្រក្រដាស ហ័រ ចេង,ខ្សែរថយន្តក្រុងទី ៩,Brochure_of_city_bus_stop__26.12.2018.pdf,Khmer,0104000020887F0000010000000101000000D670F29D975D1D415A880BB2F3663341
799,bus_line_9_no_5,1734,5,ក្លោងទ្វារវត្ត​ ត្រាពាំងសិលា,ខ្សែរថយន្តក្រុងទី ៩,Brochure_of_city_bus_stop__26.12.2018.pdf,Khmer,0104000020887F0000010000000101000000E9B09BE1E6501D417A647B13B4663341
800,bus_line_9_no_4,1712,4,ក្លោងទ្វារវត្ត​ ត្រាពាំងសិលា,ខ្សែរថយន្តក្រុងទី ៩,Brochure_of_city_bus_stop__26.12.2018.pdf,Khmer,0104000020887F0000010000000101000000380758DCB6501D41F780AD77DE663341
801,bus_line_9_no_7,1744,7,ច្រកចូល បុរីសន្តីភាព​ ២,ខ្សែរថយន្តក្រុងទី ៩,Brochure_of_city_bus_stop__26.12.2018.pdf,Khmer,0104000020887F00000100000001010000001E091FBEDC4F1D41C6CA93A897663341
802,bus_line_9_no_6,1742,6,ច្រកចូល បុរីសន្តីភាព​ ២,ខ្សែរថយន្តក្រុងទី ៩,Brochure_of_city_bus_stop__26.12.2018.pdf,Khmer,0104000020887F0000010000000101000000E1469895664F1D414441D99F8D663341
803,bus_line_9_no_9,1748,9,សាលាបឋមសិក្សាទួលកី,ខ្សែរថយន្តក្រុងទី ៩,Brochure_of_city_bus_stop__26.12.2018.pdf,Khmer,0104000020887F000001000000010100000009D764D16E4E1D41C77605E4FB633341
804,bus_line_9_no_8,1746,8,សាលាបឋមសិក្សាទួលកី,ខ្សែរថយន្តក្រុងទី ៩,Brochure_of_city_bus_stop__26.12.2018.pdf,Khmer,0104000020887F00000100000001010000002D5FA08D024E1D41CABA8F3B06643341
805,bus_line_9_no_13,1654,13,វិទ្យាល័យពងទឹក,ខ្សែរថយន្តក្រុងទី ៩,Brochure_of_city_bus_stop__26.12.2018.pdf,Khmer,0104000020887F00000100000001010000002E43667991471D41EC3CBBEF68573341
806,bus_line_9_no_12,1652,12,វិទ្យាល័យពងទឹក,ខ្សែរថយន្តក្រុងទី ៩,Brochure_of_city_bus_stop__26.12.2018.pdf,Khmer,0104000020887F0000010000000101000000A44C3D9B41471D41A5659BDF64573341
807,bus_line_9_no_15,1658,15,វត្តស្លែង,ខ្សែរថយន្តក្រុងទី ៩,Brochure_of_city_bus_stop__26.12.2018.pdf,Khmer,0104000020887F0000010000000101000000F3B62FF075461D413796CEB172553341
808,bus_line_9_no_14,1656,14,វត្តស្លែង,ខ្សែរថយន្តក្រុងទី ៩,Brochure_of_city_bus_stop__26.12.2018.pdf,Khmer,0104000020887F000001000000010100000083FFA7621E461D4199882C9464553341
809,bus_line_9_no_16,1660,16,សួនវឌ្ឍនៈច្រកចូលខាងត្បូង,ខ្សែរថយន្តក្រុងទី ៩,Brochure_of_city_bus_stop__26.12.2018.pdf,Khmer,0104000020887F00000100000001010000001A7E03418E3A1D417C14B1D100503341
810,bus_line_9_no_19,1666,19,សួនវឌ្ឍនៈច្រកចូូលខាងជើង,ខ្សែរថយន្តក្រុងទី ៩,Brochure_of_city_bus_stop__26.12.2018.pdf,Khmer,0104000020887F000001000000010100000052281BA21F3E1D41CAABE5386C513341
811,bus_line_9_no_21,1672,21,ផ្លូវប្រទះឡាង,ខ្សែរថយន្តក្រុងទី ៩,Brochure_of_city_bus_stop__26.12.2018.pdf,Khmer,0104000020887F00000100000001010000003B26B3D829451D415F2FB4AC82543341
812,bus_line_9_no_20,1670,20,ផ្លូវប្រទះឡាង,ខ្សែរថយន្តក្រុងទី ៩,Brochure_of_city_bus_stop__26.12.2018.pdf,Khmer,0104000020887F0000010000000101000000BAEA9FD0D7441D416E0282AA88543341
813,bus_line_9_no_23,1676,23,វត្តតាំងរនាម,ខ្សែរថយន្តក្រុងទី ៩,Brochure_of_city_bus_stop__26.12.2018.pdf,Khmer,0104000020887F0000010000000101000000D2D5710A873F1D41714C9BD2B3543341
814,bus_line_9_no_22,1674,22,វត្តតាំងរនាម,ខ្សែរថយន្តក្រុងទី ៩,Brochure_of_city_bus_stop__26.12.2018.pdf,Khmer,0104000020887F0000010000000101000000888D4428663F1D415A32505F9B543341
815,bus_line_9_no_25,1680,25,ភូមិភា,ខ្សែរថយន្តក្រុងទី ៩,Brochure_of_city_bus_stop__26.12.2018.pdf,Khmer,0104000020887F00000100000001010000002773319D52351D4130769AC8A1543341
816,bus_line_9_no_24,1678,24,ភូមិភា,ខ្សែរថយន្តក្រុងទី ៩,Brochure_of_city_bus_stop__26.12.2018.pdf,Khmer,0104000020887F00000100000001010000006D69B7BE03351D41C04331C17B543341
817,bus_line_9_no_26,1682,26,សួនកំសាន្ត ព្រីនសេស,ខ្សែរថយន្តក្រុងទី ៩,Brochure_of_city_bus_stop__26.12.2018.pdf,Khmer,0104000020887F0000010000000101000000B98933823E291D418B56DD185B553341
818,bus_line_9_no_27,1684,27,សួនកំសាន្ត ព្រីនសេស,ខ្សែរថយន្តក្រុងទី ៩,Brochure_of_city_bus_stop__26.12.2018.pdf,Khmer,0104000020887F0000010000000101000000E5FE0519CF291D41CEE2A45F9D553341
819,bus_line_9_no_28,1686,28,សាលាបឋមសិក្សាប្រទះឡាង,ខ្សែរថយន្តក្រុងទី ៩,Brochure_of_city_bus_stop__26.12.2018.pdf,Khmer,0104000020887F0000010000000101000000AAABB2E4C7221D419B62363792573341
820,bus_line_9_no_29,1688,29,សាលាបឋមសិក្សាប្រទះឡាង,ខ្សែរថយន្តក្រុងទី ៩,Brochure_of_city_bus_stop__26.12.2018.pdf,Khmer,0104000020887F0000010000000101000000A1CCB5E4F5221D410B7D673AA5573341
821,bus_line_9_no_30,1692,30,ប៉ុុស្តិ៍សន្តិសុខខាងក្រោយ,ខ្សែរថយន្តក្រុងទី ៩,Brochure_of_city_bus_stop__26.12.2018.pdf,Khmer,0104000020887F000001000000010100000049B096E2C1131D413A538E97EC573341
822,bus_line_9_no_31,1694,31,ប៉ុុស្តិ៍សន្តិសុខខាងក្រោយ,ខ្សែរថយន្តក្រុងទី ៩,Brochure_of_city_bus_stop__26.12.2018.pdf,Khmer,0104000020887F000001000000010100000076989533DC131D414AEAF53C01583341
823,bus_line_9_no_33,1698,33,ក្រុមហ៊ុនហីកូអាស៊ី,ខ្សែរថយន្តក្រុងទី ៩,Brochure_of_city_bus_stop__26.12.2018.pdf,Khmer,0104000020887F00000100000001010000001D0E1BD534131D4142FF53A66D593341
824,bus_line_9_no_32,1696,32,ក្រុមហ៊ុនហីកូអាស៊ី,ខ្សែរថយន្តក្រុងទី ៩,Brochure_of_city_bus_stop__26.12.2018.pdf,Khmer,0104000020887F000001000000010100000047485195EC131D41FE7B91EB64593341
825,bus_line_9_no_35,1702,35,ក្រុមហ៊ុនវីនសាន់,ខ្សែរថយន្តក្រុងទី ៩,Brochure_of_city_bus_stop__26.12.2018.pdf,Khmer,0104000020887F0000010000000101000000211022AE41131D412FB3A0477C5A3341
826,bus_line_9_no_34,1700,34,ក្រុមហ៊ុនវីនសាន់,ខ្សែរថយន្តក្រុងទី ៩,Brochure_of_city_bus_stop__26.12.2018.pdf,Khmer,0104000020887F000001000000010100000080B736ACCD131D41B894231A745A3341
827,bus_line_9_no_39,1710,39,ក្រុមហ៊ុន មេហ្កាលេបល ស្ទីកឃ័រ,ខ្សែរថយន្តក្រុងទី ៩,Brochure_of_city_bus_stop__26.12.2018.pdf,Khmer,0104000020887F0000010000000101000000192D36ED71111D41F34FB19D37603341
828,bus_line_9_no_38,1708,38,ក្រុមហ៊ុន មេហ្កាលេបល ស្ទីកឃ័រ,ខ្សែរថយន្តក្រុងទី ៩,Brochure_of_city_bus_stop__26.12.2018.pdf,Khmer,0104000020887F000001000000010100000075F9A00E0B121D41C834B3DE34603341
829,bus_line_9_no_11,1650,11,រោងចក្រស៊ីកូ,ខ្សែរថយន្តក្រុងទី ៩,Brochure_of_city_bus_stop__26.12.2018.pdf,Khmer,0104000020887F0000010000000101000000205F95F81A4D1D4141B0AF6D22613341
830,bus_line_9_no_10,1648,10,រោងចក្រស៊ីកូ,ខ្សែរថយន្តក្រុងទី ៩,Brochure_of_city_bus_stop__26.12.2018.pdf,Khmer,0104000020887F0000010000000101000000FB6A773D404C1D412C2CBCAD31613341
831,bus_line_9_no_17,1662,17,សួនវឌ្ឍនៈច្រកចូលខាងត្បូង,ខ្សែរថយន្តក្រុងទី ៩,Brochure_of_city_bus_stop__26.12.2018.pdf,Khmer,0104000020887F0000010000000101000000D33A5950E63A1D4117C0F8CDF74F3341
832,bus_line_9_no_18,1664,18,សួនវឌ្ឍនៈច្រកចូូលខាងជើង,ខ្សែរថយន្តក្រុងទី ៩,Brochure_of_city_bus_stop__26.12.2018.pdf,Khmer,0104000020887F00000100000001010000005619EA81E93D1D4159C3194976513341
833,bus_line_9_no_37,1706,37,ក្រុមហ៊ុន នីកូ គីនហ្សូគូ,ខ្សែរថយន្តក្រុងទី ៩,Brochure_of_city_bus_stop__26.12.2018.pdf,Khmer,0104000020887F000001000000010100000071C22AB11B131D41BE935B4DB65D3341
834,bus_line_9_no_36,1704,36,ក្រុមហ៊ុន នីកូ គីនហ្សូគូ,ខ្សែរថយន្តក្រុងទី ៩,Brochure_of_city_bus_stop__26.12.2018.pdf,Khmer,0104000020887F00000100000001010000009A0390A8ED131D41AC760EB3A25D3341
835,bus_line_9_no_44,1722,44,ក្រុមហ៊ុនមេឌីប្រូ,ខ្សែរថយន្តក្រុងទី ៩,Brochure_of_city_bus_stop__26.12.2018.pdf,Khmer,0104000020887F0000010000000101000000B590438C620E1D4193B4616297653341
836,bus_line_9_no_45,1724,45,ក្រុមហ៊ុនមេឌីប្រូ,ខ្សែរថយន្តក្រុងទី ៩,Brochure_of_city_bus_stop__26.12.2018.pdf,Khmer,0104000020887F0000010000000101000000F9EA3639720D1D41F6742280FC653341
837,bus_line_9_no_41,1716,41,ក្រុមហ៊ុន យូរូស្តារ ដាយមឹន,ខ្សែរថយន្តក្រុងទី ៩,Brochure_of_city_bus_stop__26.12.2018.pdf,Khmer,0104000020887F0000010000000101000000C495E16A32101D4118069D897E613341
838,bus_line_9_no_40,1714,40,ក្រុមហ៊ុន យូរូស្តារ ដាយមឹន,ខ្សែរថយន្តក្រុងទី ៩,Brochure_of_city_bus_stop__26.12.2018.pdf,Khmer,0104000020887F0000010000000101000000FF7919FA5B111D41252E6A5989613341
839,bus_line_9_no_42,1718,42,ក្រុមហ៊ុនរ៉ុកកូភីនិច,ខ្សែរថយន្តក្រុងទី ៩,Brochure_of_city_bus_stop__26.12.2018.pdf,Khmer,0104000020887F0000010000000101000000EE457F83F60F1D41195A870D3B633341
840,bus_line_9_no_43,1720,43,ក្រុមហ៊ុនរ៉ុកកូភីនិច,ខ្សែរថយន្តក្រុងទី ៩,Brochure_of_city_bus_stop__26.12.2018.pdf,Khmer,0104000020887F00000100000001010000002A582E0BF00E1D418523A0674B633341
841,bus_line_9_no_46,1726,46,ការិយាល័យរដ្ឋបាលតំបន់សេដ្ឋកិច្ចពិសេស,ខ្សែរថយន្តក្រុងទី ៩,Brochure_of_city_bus_stop__26.12.2018.pdf,Khmer,0104000020887F000001000000010100000024B056CAFE0C1D41D9AA24E308683341
842,bus_line_9_no_47,1728,47,ការិយាល័យរដ្ឋបាលតំបន់សេដ្ឋកិច្ចពិសេស,ខ្សែរថយន្តក្រុងទី ៩,Brochure_of_city_bus_stop__26.12.2018.pdf,Khmer,0104000020887F000001000000010100000025204A55610C1D41FBEAEBAC18683341
843,bus_line_9_no_48,1730,48,ក្រុមហ៊ុនដែនសូ,ខ្សែរថយន្តក្រុងទី ៩,Brochure_of_city_bus_stop__26.12.2018.pdf,Khmer,0104000020887F000001000000010100000069F21CD1C80C1D41A64DAA2F566A3341
844,bus_line_9_no_49,1732,49,ក្រុមហ៊ុនដែនសូ,ខ្សែរថយន្តក្រុងទី ៩,Brochure_of_city_bus_stop__26.12.2018.pdf,Khmer,0104000020887F0000010000000101000000A7F2B153080C1D41A123F4915A6A3341
845,bus_line_9_no_50,1736,50,ធនាគារអេស៊ីលីដា,ខ្សែរថយន្តក្រុងទី ៩,Brochure_of_city_bus_stop__26.12.2018.pdf,Khmer,0104000020887F0000010000000101000000B5FDF0953C0C1D41CBB8E31D366E3341
846,bus_line_9_no_51,1738,51,ធនាគារអេស៊ីលីដា,ខ្សែរថយន្តក្រុងទី ៩,Brochure_of_city_bus_stop__26.12.2018.pdf,Khmer,0104000020887F0000010000000101000000D147AF2B7C0B1D41A6DE2CC7506E3341
847,bus_line_9_no_52,1740,52,តំបន់សេដ្ឋកិច្ចពិេសសភ្នំពេញ,ខ្សែរថយន្តក្រុងទី ៩,Brochure_of_city_bus_stop__26.12.2018.pdf,Khmer,0104000020887F0000010000000101000000C08385FC800B1D4175DA97ADDF6E3341
848,bus_line_1_no_1,2,1,ផ្សារព្រែកព្នៅ,ខ្សែរថយន្តក្រុងទី ១,Brochure_of_city_bus_stop__26.12.2018.pdf,Khmer,0104000020887F00000100000001010000002C16B2B34C941D41E602E8DD06AB3341
849,bus_line_2_no_54,684,54,ក្លឹបកីឡាធីអិន តាខ្មៅ,ខ្សែរថយន្តក្រុងទី ២,Brochure_of_city_bus_stop__26.12.2018.pdf,Khmer,0104000020887F000001000000010100000008DD7CCEE6301E41005F7308ED5C3341
850,bus_line_2_no_63,704,63,ស្ពានព្រែកសំរោង(តាខ្មៅ),ខ្សែរថយន្តក្រុងទី ២,Brochure_of_city_bus_stop__26.12.2018.pdf,Khmer,0104000020887F0000010000000101000000790160DF6D3A1E41336B821D01573341
851,bus_line_3_no_18,730,18,ផ្សាររាត្រី,ខ្សែរថយន្តក្រុងទី ៣,Brochure_of_city_bus_stop__26.12.2018.pdf,Khmer,0104000020887F00000100000001010000000CF2A452AC081E41EC5A17B6BC853341
852,bus_line_4_no_11,876,11,រង្វង់មូលកួចកាណុង,ខ្សែរថយន្តក្រុងទី ៤,Brochure_of_city_bus_stop__26.12.2018.pdf,Khmer,0104000020887F00000100000001010000002BBAE55F65F91D41544036EBD78A3341
853,bus_line_4_no_13,880,13,ក្រសួងកិច្ចការនារី,ខ្សែរថយន្តក្រុងទី ៤,Brochure_of_city_bus_stop__26.12.2018.pdf,Khmer,0104000020887F0000010000000101000000B43FEE2E52F81D4178866E304B8A3341
854,bus_line_4c_no_46,1080,46,ច្រមុះជ្រូកស្ទឹងមានជ័យ,ខ្សែរថយន្តក្រុងទី ៤ C,Brochure_of_city_bus_stop__26.12.2018.pdf,Khmer,0104000020887F000001000000010100000001E5DD55EEBE1D4186AE1AAAC5743341
855,bus_line_4c_no_47,1082,47,ច្រមុះជ្រូកស្ទឹងមានជ័យ,ខ្សែរថយន្តក្រុងទី ៤ C,Brochure_of_city_bus_stop__26.12.2018.pdf,Khmer,0104000020887F0000010000000101000000E6DF5E2C2FBE1D41D15705A5D6743341
